idx,t_s,time,Bx_G,By_G,Bz_G,Bx_std_G,By_std_G,Bz_std_G,B_G,n_samples,ax_g,ay_g,az_g,ax_std_g,ay_std_g,az_std_g,gyro_rms_dps,gyro_max_dps,pitch_deg,roll_deg,acc_pitch_deg,acc_roll_deg,spatial_t_first_ms,spatial_t_last_ms
1,0.41,2026-10-08T15:39:38,0.139329,-0.202582,1.058758,0.000226,0.000679,0.001497,1.086932,20,0.014103,0.016099,-1.004695,0.000361,0.000469,0.001013,0.1459,0.2712,nan,nan,0.8041,-0.9180,2736.000,3116.000
2,10.40,2026-10-08T15:39:48,0.139380,-0.200232,1.060374,0.000000,0.000556,0.000396,1.088078,20,0.014094,0.015900,-1.004725,0.000336,0.000505,0.002071,0.1568,0.3225,nan,nan,0.8035,-0.9066,12732.000,13112.000
3,20.41,2026-10-08T15:39:58,0.139380,-0.200359,1.060500,0.000000,0.000541,0.000000,1.088224,20,0.014077,0.016066,-1.004910,0.000394,0.001067,0.002280,0.1493,0.2545,nan,nan,0.8024,-0.9159,22732.000,23112.000
4,30.42,2026-10-08T15:40:08,0.139329,-0.199980,1.062016,0.000226,0.000000,0.001630,1.089625,20,0.014084,0.015953,-1.004627,0.000427,0.000359,0.001079,0.1534,0.3019,nan,nan,0.8031,-0.9098,32732.000,33116.000
5,40.40,2026-10-08T15:40:18,0.139254,-0.200132,1.059995,0.000396,0.000468,0.000675,1.087674,20,0.014098,0.015966,-1.004308,0.000330,0.000507,0.002395,0.1548,0.2613,nan,nan,0.8041,-0.9108,42716.000,43096.000
6,50.41,2026-10-08T15:40:28,0.139304,-0.200030,1.059465,0.000338,0.000226,0.001080,1.087145,20,0.014018,0.016167,-1.004495,0.000792,0.002193,0.005868,0.1559,0.2490,nan,nan,0.7994,-0.9220,52716.000,53096.000
7,60.39,2026-10-08T15:40:38,0.139128,-0.202204,1.059314,0.000623,0.000755,0.000916,1.087378,20,0.014002,0.015751,-1.004082,0.000357,0.001141,0.002397,0.1687,0.3300,nan,nan,0.7988,-0.8987,62716.000,63096.000
8,70.40,2026-10-08T15:40:48,0.139027,-0.202178,1.059289,0.000804,0.000806,0.001091,1.087335,20,0.013958,0.016086,-1.004171,0.000358,0.001151,0.004291,0.1573,0.3032,nan,nan,0.7963,-0.9178,72716.000,73096.000
9,80.39,2026-10-08T15:40:58,0.139380,-0.202203,1.061334,0.000000,0.000739,0.000757,1.089378,20,0.013864,0.015668,-1.003987,0.000360,0.000333,0.000995,0.1682,0.2950,nan,nan,0.7910,-0.8940,82720.000,83100.000
10,90.41,2026-10-08T15:41:08,0.139380,-0.202682,1.064793,0.000000,0.000525,0.001385,1.092836,20,0.013900,0.015749,-1.004161,0.000367,0.000830,0.002627,0.1449,0.2308,nan,nan,0.7930,-0.8986,92720.000,93100.000
11,100.40,2026-10-08T15:41:18,0.139380,-0.202329,1.060551,0.000000,0.000680,0.000226,1.088637,20,0.013812,0.015528,-1.003934,0.000414,0.000563,0.002386,0.1719,0.3255,nan,nan,0.7881,-0.8861,102720.000,103100.000
12,110.41,2026-10-08T15:41:28,0.139380,-0.202329,1.060500,0.000000,0.000659,0.000000,1.088588,20,0.013786,0.015619,-1.003879,0.000188,0.000555,0.001754,0.1518,0.2995,nan,nan,0.7867,-0.8914,112720.000,113108.000
13,120.40,2026-10-08T15:41:38,0.139380,-0.202429,1.060551,0.000000,0.000550,0.000226,1.088656,20,0.013777,0.015693,-1.003821,0.000311,0.000595,0.002274,0.1603,0.2592,nan,nan,0.7862,-0.8956,122728.000,123108.000
14,130.41,2026-10-08T15:41:48,0.139380,-0.202606,1.060450,0.000000,0.000604,0.000226,1.088590,20,0.013745,0.015566,-1.004115,0.000296,0.000644,0.001887,0.1670,0.3129,nan,nan,0.7842,-0.8881,132720.000,133100.000
15,140.40,2026-10-08T15:41:58,0.139380,-0.202606,1.060146,0.000000,0.000667,0.000753,1.088295,20,0.013914,0.015353,-1.003664,0.000303,0.000928,0.001609,0.1466,0.2409,nan,nan,0.7942,-0.8764,142720.000,143100.000
16,150.41,2026-10-08T15:42:08,0.139380,-0.202455,1.059819,0.000000,0.000880,0.000823,1.087948,20,0.013907,0.015440,-1.003710,0.000341,0.000562,0.003041,0.1842,0.2985,nan,nan,0.7938,-0.8813,152720.000,153100.000
17,160.41,2026-10-08T15:42:18,0.139380,-0.202304,1.062522,0.000000,0.000857,0.000881,1.090553,20,0.013768,0.015567,-1.003678,0.000446,0.000395,0.002686,0.1348,0.2263,nan,nan,0.7858,-0.8886,162720.000,163100.000
18,170.41,2026-10-08T15:42:28,0.139380,-0.202305,1.062219,0.000000,0.000887,0.000739,1.090258,20,0.013724,0.015437,-1.003661,0.000408,0.000673,0.004548,0.1418,0.2585,nan,nan,0.7833,-0.8812,172720.000,173100.000
19,180.40,2026-10-08T15:42:38,0.139380,-0.202556,1.062167,0.000000,0.001097,0.001183,1.090254,20,0.013636,0.015675,-1.003328,0.000722,0.001411,0.004708,0.1712,0.3386,nan,nan,0.7785,-0.8950,182720.000,183100.000
20,190.40,2026-10-08T15:42:48,0.139380,-0.202909,1.063909,0.000000,0.000452,0.002861,1.092017,20,0.013764,0.015448,-1.003374,0.000414,0.000735,0.005185,0.1356,0.2405,nan,nan,0.7859,-0.8821,192720.000,193104.000
21,200.39,2026-10-08T15:42:58,0.139380,-0.202606,1.063253,0.000000,0.000687,0.002176,1.091322,20,0.013806,0.015514,-1.003595,0.000509,0.001659,0.003777,0.1642,0.2761,nan,nan,0.7880,-0.8856,202712.000,203092.000
22,210.41,2026-10-08T15:43:08,0.139380,-0.202683,1.062369,0.000000,0.000680,0.001301,1.090475,20,0.013847,0.015424,-1.003651,0.000328,0.000829,0.001178,0.1745,0.3053,nan,nan,0.7903,-0.8804,212712.000,213092.000
23,220.41,2026-10-08T15:43:18,0.139380,-0.202077,1.062848,0.000000,0.000901,0.002188,1.090829,20,0.013756,0.015699,-1.003498,0.000345,0.001026,0.001480,0.1545,0.2688,nan,nan,0.7853,-0.8963,222712.000,223092.000
24,230.41,2026-10-08T15:43:28,0.139380,-0.202329,1.060627,0.000000,0.000659,0.000398,1.088711,20,0.013828,0.015229,-1.003685,0.000441,0.001099,0.005058,0.1741,0.2872,nan,nan,0.7892,-0.8693,232712.000,233092.000
25,240.39,2026-10-08T15:43:38,0.139380,-0.200435,1.067369,0.000000,0.000674,0.003028,1.094932,20,0.013775,0.015249,-1.003749,0.000464,0.001477,0.006066,0.1544,0.2656,nan,nan,0.7862,-0.8704,242712.000,243092.000
26,250.41,2026-10-08T15:43:48,0.139380,-0.200385,1.064086,0.000000,0.000668,0.001157,1.091723,20,0.013900,0.015388,-1.003607,0.000451,0.001217,0.001789,0.1923,0.3287,nan,nan,0.7934,-0.8785,252712.000,253092.000
27,260.40,2026-10-08T15:43:58,0.139380,-0.202254,1.063530,0.000000,0.000873,0.000000,1.091526,20,0.013621,0.015216,-1.003448,0.000484,0.000502,0.000912,0.1643,0.2512,nan,nan,0.7776,-0.8688,262712.000,263092.000
28,270.41,2026-10-08T15:44:08,0.139380,-0.202255,1.059086,0.000000,0.000721,0.001684,1.087197,20,0.013680,0.015237,-1.003636,0.000341,0.000369,0.001077,0.1918,0.3673,nan,nan,0.7808,-0.8698,272712.000,273092.000
29,280.41,2026-10-08T15:44:18,0.139380,-0.202076,1.063530,0.000000,0.000973,0.000568,1.091493,20,0.013633,0.015008,-1.003322,0.000191,0.000327,0.000527,0.1430,0.2310,nan,nan,0.7784,-0.8570,282716.000,283100.000
30,290.39,2026-10-08T15:44:28,0.139380,-0.202708,1.063455,0.000000,0.000701,0.000338,1.091537,20,0.013795,0.014888,-1.003286,0.000261,0.000893,0.001381,0.1755,0.2660,nan,nan,0.7877,-0.8502,292704.000,293084.000
31,300.41,2026-10-08T15:44:38,0.139380,-0.202657,1.063556,0.000000,0.000635,0.000578,1.091626,20,0.013558,0.015005,-1.003178,0.000371,0.000543,0.001750,0.1660,0.2434,nan,nan,0.7742,-0.8569,302704.000,303084.000
32,310.43,2026-10-08T15:44:48,0.139380,-0.202582,1.063379,0.000000,0.000618,0.000465,1.091440,20,0.013635,0.015204,-1.003185,0.000413,0.000928,0.003755,0.1441,0.2469,nan,nan,0.7786,-0.8683,312724.000,313104.000
33,320.42,2026-10-08T15:44:58,0.139380,-0.202431,1.063253,0.000000,0.000679,0.000504,1.091289,20,0.013541,0.015191,-1.002789,0.000351,0.000771,0.003598,0.1329,0.2162,nan,nan,0.7735,-0.8679,322720.000,323100.000
34,330.42,2026-10-08T15:45:08,0.139380,-0.202707,1.066308,0.000000,0.000577,0.003209,1.094316,20,0.013606,0.015118,-1.003280,0.000354,0.000696,0.002786,0.1534,0.2432,nan,nan,0.7769,-0.8633,332720.000,333100.000
35,340.42,2026-10-08T15:45:18,0.139380,-0.202632,1.063253,0.000000,0.000671,0.000759,1.091326,20,0.013623,0.014813,-1.003213,0.000470,0.001113,0.008027,0.1931,0.3533,nan,nan,0.7779,-0.8460,342720.000,343100.000
36,350.41,2026-10-08T15:45:28,0.139380,-0.202531,1.063227,0.000000,0.000622,0.000552,1.091283,20,0.013672,0.015116,-1.002816,0.000414,0.001229,0.002856,0.1911,0.3557,nan,nan,0.7810,-0.8636,352720.000,353100.000
37,360.40,2026-10-08T15:45:38,0.139380,-0.202330,1.063228,0.000000,0.000717,0.000620,1.091246,20,0.013572,0.015142,-1.003417,0.000360,0.000697,0.001611,0.1912,0.3359,nan,nan,0.7748,-0.8646,362708.000,363096.000
38,370.41,2026-10-08T15:45:48,0.139380,-0.202406,1.065677,0.000000,0.000759,0.003304,1.093646,20,0.013598,0.015307,-1.003029,0.000379,0.000474,0.003890,0.1813,0.3519,nan,nan,0.7766,-0.8743,372712.000,373092.000
39,380.41,2026-10-08T15:45:58,0.139380,-0.202657,1.062597,0.000000,0.000569,0.001077,1.090692,20,0.013675,0.015148,-1.002822,0.000340,0.000791,0.002296,0.1808,0.2827,nan,nan,0.7811,-0.8654,382712.000,383092.000
40,390.42,2026-10-08T15:46:08,0.139380,-0.202329,1.062774,0.000000,0.000823,0.000759,1.090803,20,0.013606,0.014975,-1.003074,0.000384,0.000889,0.000877,0.1734,0.3739,nan,nan,0.7770,-0.8553,392712.000,393092.000
41,400.41,2026-10-08T15:46:18,0.139380,-0.202406,1.064793,0.000000,0.000705,0.002811,1.092785,20,0.013670,0.014787,-1.003026,0.000294,0.001230,0.001189,0.1971,0.3706,nan,nan,0.7808,-0.8446,402712.000,403092.000
42,410.42,2026-10-08T15:46:28,0.139380,-0.202481,1.062496,0.000000,0.000776,0.000961,1.090561,20,0.013686,0.014762,-1.003296,0.000222,0.000578,0.000661,0.1506,0.2731,nan,nan,0.7814,-0.8429,412712.000,413092.000
43,420.43,2026-10-08T15:46:38,0.139380,-0.202532,1.064693,0.000000,0.000757,0.002616,1.092710,20,0.013714,0.015049,-1.003065,0.000274,0.000856,0.000675,0.1953,0.3174,nan,nan,0.7832,-0.8595,422712.000,423092.000
44,430.42,2026-10-08T15:46:48,0.139380,-0.202506,1.065500,0.000000,0.000675,0.001867,1.093492,20,0.013847,0.014894,-1.002855,0.000400,0.000667,0.004538,0.1558,0.2903,nan,nan,0.7910,-0.8508,432712.000,433092.000
45,440.42,2026-10-08T15:46:58,0.139380,-0.202582,1.066005,0.000000,0.000618,0.004316,1.093999,20,0.013794,0.015011,-1.002817,0.000315,0.000745,0.004687,0.1821,0.3031,nan,nan,0.7880,-0.8576,442712.000,443096.000
46,450.41,2026-10-08T15:47:08,0.139380,-0.202707,1.061334,0.000000,0.000552,0.000840,1.089471,20,0.013576,0.015013,-1.002749,0.000322,0.000549,0.002117,0.1513,0.2133,nan,nan,0.7756,-0.8578,452712.000,453092.000
47,460.42,2026-10-08T15:47:18,0.139380,-0.202380,1.067519,0.000000,0.000799,0.001654,1.095437,20,0.013576,0.014895,-1.002837,0.000404,0.000722,0.001400,0.1435,0.2920,nan,nan,0.7755,-0.8509,462712.000,463092.000
48,470.41,2026-10-08T15:47:28,0.139380,-0.202405,1.068176,0.000000,0.000724,0.001651,1.096081,20,0.013577,0.014799,-1.002626,0.000321,0.000809,0.001409,0.1934,0.3351,nan,nan,0.7757,-0.8457,472712.000,473092.000
49,480.42,2026-10-08T15:47:38,0.139380,-0.202531,1.064970,0.000000,0.000644,0.002922,1.092981,20,0.013517,0.014682,-1.002799,0.000526,0.000797,0.004374,0.1662,0.3581,nan,nan,0.7721,-0.8388,482712.000,483092.000
50,490.41,2026-10-08T15:47:48,0.139380,-0.202178,1.067267,0.000000,0.000806,0.001914,1.095154,20,0.013648,0.014896,-1.002771,0.000296,0.000376,0.001174,0.1938,0.3236,nan,nan,0.7797,-0.8510,492712.000,493092.000
51,500.42,2026-10-08T15:47:58,0.139380,-0.202255,1.067368,0.000000,0.000792,0.001871,1.095266,20,0.013608,0.014777,-1.002657,0.000370,0.000577,0.001557,0.1800,0.3296,nan,nan,0.7775,-0.8443,502712.000,503092.000
52,510.41,2026-10-08T15:48:08,0.139380,-0.202581,1.061462,0.000000,0.000550,0.000613,1.089572,20,0.013706,0.014847,-1.002737,0.000277,0.000516,0.000858,0.1768,0.3196,nan,nan,0.7830,-0.8483,512712.000,513092.000
53,520.41,2026-10-08T15:48:18,0.139380,-0.202732,1.061409,0.000000,0.000601,0.000964,1.089549,20,0.013744,0.014572,-1.002483,0.000395,0.000795,0.001209,0.1920,0.3058,nan,nan,0.7854,-0.8328,522704.000,523088.000
54,530.42,2026-10-08T15:48:28,0.139380,-0.202582,1.064944,0.000000,0.000699,0.001243,1.092965,20,0.013476,0.014760,-1.002480,0.000369,0.000576,0.000353,0.1871,0.2933,nan,nan,0.7701,-0.8435,532708.000,533088.000
55,540.42,2026-10-08T15:48:38,0.139380,-0.202732,1.065449,0.000000,0.000504,0.001568,1.093485,20,0.013468,0.015033,-1.003084,0.000334,0.000957,0.002125,0.1734,0.3146,nan,nan,0.7692,-0.8586,542708.000,543088.000
56,550.40,2026-10-08T15:48:48,0.139380,-0.202833,1.061056,0.000000,0.000441,0.000802,1.089224,20,0.013420,0.015082,-1.002809,0.000341,0.000528,0.001630,0.1773,0.3010,nan,nan,0.7666,-0.8616,552696.000,553076.000
57,560.40,2026-10-08T15:48:58,0.139329,-0.202909,1.065045,0.000226,0.000625,0.001519,1.093117,20,0.013425,0.015093,-1.002872,0.000279,0.000547,0.001062,0.1765,0.2577,nan,nan,0.7669,-0.8622,562696.000,563076.000
58,570.42,2026-10-08T15:49:08,0.139380,-0.202707,1.062495,0.000000,0.000577,0.002225,1.090602,20,0.013526,0.014948,-1.002768,0.000275,0.000697,0.000629,0.1782,0.3346,nan,nan,0.7727,-0.8540,572696.000,573076.000
59,580.39,2026-10-08T15:49:18,0.139380,-0.202808,1.063252,0.000000,0.000414,0.002460,1.091359,20,0.013621,0.014939,-1.002866,0.000404,0.000471,0.001253,0.1542,0.2649,nan,nan,0.7781,-0.8534,582696.000,583076.000
60,590.40,2026-10-08T15:49:28,0.139380,-0.202632,1.066030,0.000000,0.000747,0.004664,1.094033,20,0.013574,0.014763,-1.002576,0.000336,0.000485,0.000716,0.1637,0.2830,nan,nan,0.7756,-0.8436,592696.000,593076.000
61,600.41,2026-10-08T15:49:38,0.139380,-0.202582,1.064338,0.000000,0.000618,0.001294,1.092374,20,0.013593,0.014861,-1.002963,0.000331,0.000635,0.001029,0.2040,0.4392,nan,nan,0.7764,-0.8489,602700.000,603088.000
62,610.42,2026-10-08T15:49:48,0.139380,-0.203010,1.060879,0.000000,0.000328,0.000850,1.089084,20,0.013456,0.014755,-1.002945,0.000190,0.000541,0.001109,0.1660,0.2321,nan,nan,0.7686,-0.8428,612708.000,613088.000
63,620.41,2026-10-08T15:49:58,0.139380,-0.202581,1.067419,0.000000,0.000640,0.003144,1.095376,20,0.013526,0.014965,-1.003110,0.000271,0.000336,0.001223,0.1718,0.3602,nan,nan,0.7724,-0.8547,622708.000,623088.000
64,630.41,2026-10-08T15:50:08,0.139380,-0.202606,1.064540,0.000000,0.000829,0.001465,1.092576,20,0.013531,0.014956,-1.002952,0.000289,0.000846,0.000611,0.1747,0.2983,nan,nan,0.7728,-0.8543,632708.000,633088.000
65,640.43,2026-10-08T15:50:18,0.139380,-0.202909,1.065045,0.000000,0.000452,0.002033,1.093124,20,0.013523,0.015174,-1.003049,0.000289,0.000869,0.000723,0.1809,0.2714,nan,nan,0.7723,-0.8667,642708.000,643088.000
66,650.42,2026-10-08T15:50:28,0.139380,-0.202808,1.062596,0.000000,0.000414,0.002048,1.090719,20,0.013436,0.014975,-1.003106,0.000251,0.000586,0.001666,0.1670,0.3242,nan,nan,0.7673,-0.8553,652708.000,653088.000
67,660.44,2026-10-08T15:50:38,0.139380,-0.202683,1.064389,0.000000,0.000790,0.001238,1.092442,20,0.013398,0.014838,-1.002783,0.000381,0.000820,0.000915,0.1970,0.3581,nan,nan,0.7654,-0.8477,662708.000,663088.000
68,670.44,2026-10-08T15:50:48,0.139380,-0.202709,1.064136,0.000000,0.000888,0.001106,1.092201,20,0.013367,0.014866,-1.002529,0.000481,0.000619,0.000619,0.1931,0.3413,nan,nan,0.7638,-0.8496,672708.000,673100.000
69,680.43,2026-10-08T15:50:58,0.139380,-0.202455,1.063833,0.000000,0.000817,0.000740,1.091859,20,0.013376,0.014735,-1.002694,0.000365,0.000572,0.000597,0.2015,0.3852,nan,nan,0.7642,-0.8419,682700.000,683088.000
70,690.39,2026-10-08T15:51:08,0.139380,-0.202935,1.063631,0.000000,0.000596,0.000452,1.091751,20,0.013248,0.014763,-1.002511,0.000357,0.000455,0.001374,0.1832,0.3834,nan,nan,0.7570,-0.8437,692684.000,693064.000
71,700.40,2026-10-08T15:51:18,0.139380,-0.202960,1.066535,0.000000,0.000226,0.002906,1.094585,20,0.013420,0.014586,-1.002413,0.000334,0.000302,0.000763,0.1932,0.3008,nan,nan,0.7670,-0.8336,702684.000,703064.000
72,710.43,2026-10-08T15:51:28,0.139380,-0.203061,1.066585,0.000000,0.000398,0.002979,1.094653,20,0.013306,0.014655,-1.002676,0.000366,0.000296,0.000713,0.1800,0.3082,nan,nan,0.7602,-0.8373,712704.000,713084.000
73,720.41,2026-10-08T15:51:38,0.139380,-0.202834,1.063631,0.000000,0.000661,0.000452,1.091732,20,0.013407,0.014726,-1.002679,0.000328,0.000601,0.000367,0.1834,0.3277,nan,nan,0.7660,-0.8414,722696.000,723076.000
74,730.43,2026-10-08T15:51:48,0.139380,-0.202631,1.063530,0.000000,0.000540,0.000000,1.091596,20,0.013538,0.014770,-1.002848,0.000408,0.000847,0.001287,0.1798,0.2740,nan,nan,0.7733,-0.8438,732696.000,733076.000
75,740.43,2026-10-08T15:51:58,0.139380,-0.202935,1.063833,0.000000,0.000526,0.000933,1.091948,20,0.013489,0.014887,-1.002513,0.000474,0.000420,0.000765,0.1821,0.2894,nan,nan,0.7708,-0.8508,742696.000,743076.000
76,750.41,2026-10-08T15:52:08,0.139380,-0.202859,1.063883,0.000000,0.000569,0.000884,1.091983,20,0.013518,0.014555,-1.002627,0.000368,0.000982,0.000452,0.1907,0.2895,nan,nan,0.7724,-0.8317,752696.000,753076.000
77,760.41,2026-10-08T15:52:18,0.139380,-0.202707,1.064691,0.000000,0.000552,0.001362,1.092742,20,0.013544,0.014816,-1.002687,0.000374,0.000716,0.003026,0.1679,0.2766,nan,nan,0.7738,-0.8466,762700.000,763084.000
78,770.40,2026-10-08T15:52:28,0.139380,-0.202909,1.063833,0.000000,0.000452,0.000989,1.091943,20,0.013248,0.014780,-1.002598,0.000301,0.000569,0.001883,0.1852,0.3251,nan,nan,0.7570,-0.8445,772684.000,773064.000
79,780.43,2026-10-08T15:52:38,0.139380,-0.202935,1.063934,0.000000,0.000338,0.001005,1.092046,20,0.013528,0.014596,-1.002702,0.000337,0.000955,0.001121,0.2098,0.3275,nan,nan,0.7729,-0.8340,782704.000,783084.000
80,790.42,2026-10-08T15:52:48,0.139380,-0.203061,1.063732,0.000000,0.000226,0.000622,1.091873,20,0.013419,0.014550,-1.002482,0.000507,0.000455,0.001578,0.1804,0.2974,nan,nan,0.7668,-0.8315,792704.000,793084.000
81,800.40,2026-10-08T15:52:58,0.139380,-0.202834,1.065904,0.000000,0.000550,0.003096,1.093946,20,0.013553,0.014786,-1.002594,0.000290,0.000580,0.000484,0.1896,0.3083,nan,nan,0.7744,-0.8449,802680.000,803060.000
82,810.42,2026-10-08T15:53:08,0.139380,-0.202708,1.063530,0.000000,0.000739,0.000000,1.091610,20,0.013501,0.014866,-1.002521,0.000400,0.000790,0.002240,0.1955,0.3160,nan,nan,0.7715,-0.8496,812700.000,813080.000
83,820.41,2026-10-08T15:53:18,0.139380,-0.202732,1.066055,0.000000,0.000759,0.002922,1.094075,20,0.013545,0.014794,-1.002601,0.000314,0.000674,0.001624,0.2205,0.3064,nan,nan,0.7740,-0.8454,822700.000,823080.000
84,830.43,2026-10-08T15:53:28,0.139380,-0.202859,1.063783,0.000000,0.000734,0.000794,1.091885,20,0.013437,0.014897,-1.002647,0.000391,0.000811,0.001467,0.1981,0.3556,nan,nan,0.7677,-0.8512,832700.000,833080.000
85,840.42,2026-10-08T15:53:38,0.139380,-0.203086,1.066106,0.000000,0.000901,0.002994,1.094190,20,0.013548,0.014545,-1.002659,0.000221,0.000526,0.000488,0.1809,0.3141,nan,nan,0.7741,-0.8311,842684.000,843072.000
86,850.41,2026-10-08T15:53:48,0.139380,-0.202606,1.063581,0.000000,0.001043,0.000516,1.091641,20,0.013488,0.014670,-1.002450,0.000300,0.000689,0.000869,0.1874,0.3320,nan,nan,0.7708,-0.8384,852680.000,853060.000
87,860.41,2026-10-08T15:53:58,0.139380,-0.202935,1.069489,0.000000,0.000471,0.000452,1.097459,20,0.013511,0.014771,-1.002767,0.000272,0.000531,0.001088,0.1661,0.2968,nan,nan,0.7719,-0.8439,862700.000,863080.000
88,870.41,2026-10-08T15:54:08,0.139380,-0.202884,1.066106,0.000000,0.000671,0.002994,1.094153,20,0.013437,0.014656,-1.002675,0.000330,0.000477,0.000457,0.1948,0.3936,nan,nan,0.7677,-0.8375,872700.000,873080.000
89,880.41,2026-10-08T15:54:18,0.139380,-0.202960,1.066812,0.000000,0.000672,0.003158,1.094855,20,0.013424,0.014661,-1.002522,0.000311,0.000564,0.002745,0.1647,0.2681,nan,nan,0.7671,-0.8378,882700.000,883080.000
90,890.41,2026-10-08T15:54:28,0.139380,-0.202784,1.065904,0.000000,0.000553,0.003096,1.093937,20,0.013557,0.014377,-1.002729,0.000316,0.000832,0.002701,0.1596,0.2557,nan,nan,0.7745,-0.8214,892680.000,893060.000
91,900.41,2026-10-08T15:54:38,0.139380,-0.202985,1.066939,0.000000,0.000478,0.003172,1.094983,20,0.013326,0.014597,-1.002578,0.000415,0.000444,0.001919,0.1849,0.3467,nan,nan,0.7614,-0.8341,902680.000,903060.000
92,910.41,2026-10-08T15:54:48,0.139380,-0.202758,1.066005,0.000000,0.000449,0.002903,1.094031,20,0.013324,0.014559,-1.002697,0.000369,0.000549,0.002003,0.1711,0.2966,nan,nan,0.7612,-0.8319,912680.000,913060.000
93,920.41,2026-10-08T15:54:58,0.139380,-0.202607,1.066787,0.000000,0.000724,0.003196,1.094766,20,0.013473,0.014547,-1.002572,0.000349,0.000998,0.001299,0.1986,0.3366,nan,nan,0.7698,-0.8313,922688.000,923076.000
94,930.43,2026-10-08T15:55:08,0.139380,-0.202833,1.066106,0.000000,0.000441,0.003065,1.094143,20,0.013584,0.014735,-1.002798,0.000425,0.001017,0.002482,0.1690,0.2992,nan,nan,0.7760,-0.8418,932692.000,933072.000
95,940.41,2026-10-08T15:55:18,0.139380,-0.202808,1.069136,0.000000,0.000414,0.000954,1.097091,20,0.013572,0.014463,-1.002580,0.000310,0.000501,0.000776,0.2085,0.3550,nan,nan,0.7755,-0.8265,942692.000,943072.000
96,950.42,2026-10-08T15:55:28,0.139380,-0.202909,1.066863,0.000000,0.000532,0.003093,1.094895,20,0.013520,0.014752,-1.002609,0.000366,0.001102,0.000351,0.2003,0.3132,nan,nan,0.7725,-0.8430,952692.000,953072.000
97,960.42,2026-10-08T15:55:38,0.139380,-0.202960,1.067116,0.000000,0.000398,0.002903,1.095151,20,0.013456,0.014629,-1.002736,0.000299,0.000453,0.001661,0.2013,0.3530,nan,nan,0.7687,-0.8358,962692.000,963072.000
98,970.41,2026-10-08T15:55:48,0.139380,-0.202935,1.063631,0.000000,0.000338,0.000725,1.091751,20,0.013383,0.014903,-1.002404,0.000439,0.000496,0.001581,0.1966,0.4281,nan,nan,0.7648,-0.8518,972692.000,973072.000
99,980.41,2026-10-08T15:55:58,0.139380,-0.202909,1.063581,0.000000,0.000311,0.000516,1.091697,20,0.013482,0.014719,-1.002557,0.000342,0.000501,0.000972,0.1765,0.2966,nan,nan,0.7704,-0.8411,982692.000,983072.000
100,990.39,2026-10-08T15:56:08,0.139380,-0.202834,1.061712,0.000000,0.000617,0.001523,1.089863,20,0.013607,0.014816,-1.002536,0.000307,0.000572,0.001121,0.1887,0.3038,nan,nan,0.7775,-0.8467,992672.000,993052.000
101,1000.42,2026-10-08T15:56:18,0.139380,-0.203061,1.063631,0.000000,0.000226,0.000452,1.091774,20,0.013434,0.014558,-1.002492,0.000184,0.000779,0.000759,0.1938,0.3419,nan,nan,0.7677,-0.8320,1002688.000,1003072.000
102,1010.41,2026-10-08T15:56:28,0.139380,-0.203010,1.066712,0.000000,0.000328,0.002936,1.094766,20,0.013452,0.014394,-1.002646,0.000463,0.000647,0.000954,0.1599,0.2536,nan,nan,0.7686,-0.8225,1012684.000,1013064.000
103,1020.42,2026-10-08T15:56:38,0.139380,-0.203010,1.069539,0.000000,0.000000,0.000516,1.097522,20,0.013467,0.014738,-1.002862,0.000504,0.000530,0.002593,0.1876,0.2841,nan,nan,0.7693,-0.8419,1022684.000,1023064.000
104,1030.41,2026-10-08T15:56:48,0.139380,-0.202909,1.065676,0.000000,0.000311,0.002930,1.093739,20,0.013470,0.014582,-1.002625,0.000343,0.000460,0.000464,0.1568,0.2359,nan,nan,0.7697,-0.8332,1032684.000,1033064.000
105,1040.40,2026-10-08T15:56:58,0.139380,-0.202607,1.069287,0.000000,0.000645,0.000933,1.097201,20,0.013475,0.014588,-1.002870,0.000329,0.000514,0.002320,0.1691,0.2953,nan,nan,0.7697,-0.8334,1042684.000,1043064.000
106,1050.41,2026-10-08T15:57:08,0.139380,-0.202657,1.069287,0.000000,0.000635,0.000933,1.097211,20,0.013561,0.014456,-1.002242,0.000453,0.000709,0.004527,0.2143,0.3835,nan,nan,0.7751,-0.8264,1052684.000,1053064.000
107,1060.41,2026-10-08T15:57:18,0.139380,-0.202556,1.063379,0.000000,0.000729,0.000370,1.091435,20,0.013466,0.014469,-1.002655,0.000357,0.000786,0.002408,0.1902,0.3474,nan,nan,0.7693,-0.8267,1062684.000,1063064.000
108,1070.41,2026-10-08T15:57:28,0.139380,-0.202858,1.066838,0.000000,0.000593,0.003233,1.094861,20,0.013365,0.014460,-1.002630,0.000325,0.000515,0.001608,0.1878,0.3087,nan,nan,0.7637,-0.8263,1072684.000,1073064.000
109,1080.42,2026-10-08T15:57:38,0.139380,-0.202732,1.068731,0.000000,0.000504,0.001362,1.096683,20,0.013527,0.014534,-1.002670,0.000382,0.000676,0.000429,0.1930,0.3040,nan,nan,0.7728,-0.8305,1082688.000,1083076.000
110,1090.41,2026-10-08T15:57:48,0.139380,-0.202732,1.063404,0.000000,0.000601,0.000396,1.091492,20,0.013450,0.014755,-1.002483,0.000246,0.000662,0.000621,0.1673,0.3046,nan,nan,0.7686,-0.8433,1092668.000,1093048.000
111,1100.44,2026-10-08T15:57:58,0.139380,-0.202683,1.066686,0.000000,0.000772,0.003317,1.094681,20,0.013473,0.014475,-1.002458,0.000336,0.001011,0.001580,0.1688,0.2637,nan,nan,0.7700,-0.8273,1102688.000,1103068.000
112,1110.40,2026-10-08T15:58:08,0.139380,-0.202632,1.069489,0.000000,0.000747,0.000725,1.097403,20,0.013435,0.014783,-1.002946,0.000314,0.000348,0.001208,0.1718,0.2375,nan,nan,0.7674,-0.8444,1112668.000,1113048.000
113,1120.39,2026-10-08T15:58:18,0.139380,-0.202784,1.065500,0.000000,0.000643,0.002809,1.093543,20,0.013556,0.014464,-1.002824,0.000420,0.000600,0.002824,0.1598,0.2366,nan,nan,0.7744,-0.8263,1122668.000,1123048.000
114,1130.41,2026-10-08T15:58:28,0.139380,-0.202884,1.063455,0.000000,0.000396,0.000338,1.091570,20,0.013553,0.014417,-1.002604,0.000324,0.000525,0.001761,0.1845,0.3386,nan,nan,0.7744,-0.8239,1132668.000,1133048.000
115,1140.39,2026-10-08T15:58:38,0.139380,-0.202960,1.069085,0.000000,0.000541,0.001447,1.097070,20,0.013462,0.014670,-1.002601,0.000302,0.000606,0.000854,0.1838,0.2992,nan,nan,0.7692,-0.8383,1142668.000,1143048.000
116,1150.42,2026-10-08T15:58:48,0.139380,-0.203010,1.065778,0.000000,0.000492,0.003032,1.093856,20,0.013479,0.014724,-1.002489,0.000431,0.000595,0.001261,0.1591,0.2572,nan,nan,0.7702,-0.8415,1152668.000,1153048.000
117,1160.41,2026-10-08T15:58:58,0.139380,-0.203010,1.066258,0.000000,0.000463,0.002909,1.094324,20,0.013523,0.014427,-1.002419,0.000483,0.000542,0.001485,0.1562,0.2372,nan,nan,0.7728,-0.8245,1162672.000,1163060.000
118,1170.42,2026-10-08T15:59:08,0.139380,-0.202960,1.069136,0.000000,0.000226,0.000954,1.097119,20,0.013352,0.014697,-1.002467,0.000314,0.000479,0.001679,0.2081,0.3232,nan,nan,0.7630,-0.8400,1172676.000,1173056.000
119,1180.42,2026-10-08T15:59:18,0.139380,-0.203111,1.065399,0.000000,0.000535,0.002523,1.093506,20,0.013390,0.014796,-1.002547,0.000360,0.000660,0.001103,0.1976,0.3423,nan,nan,0.7651,-0.8455,1182676.000,1183056.000
120,1190.42,2026-10-08T15:59:28,0.139380,-0.202783,1.068883,0.000000,0.000578,0.001140,1.096840,20,0.013356,0.014493,-1.002452,0.000427,0.000567,0.001155,0.1655,0.2776,nan,nan,0.7632,-0.8283,1192676.000,1193056.000
121,1200.42,2026-10-08T15:59:38,0.139380,-0.202960,1.069590,0.000000,0.000226,0.000000,1.097562,20,0.013558,0.014704,-1.002709,0.000343,0.000551,0.001099,0.2249,0.3621,nan,nan,0.7746,-0.8401,1202676.000,1203056.000
122,1210.41,2026-10-08T15:59:48,0.139380,-0.202708,1.069666,0.000000,0.000620,0.000340,1.097589,20,0.013623,0.014419,-1.002803,0.000453,0.000620,0.002977,0.2071,0.3884,nan,nan,0.7782,-0.8238,1212676.000,1213056.000
123,1220.42,2026-10-08T15:59:58,0.139380,-0.202707,1.063606,0.000000,0.000552,0.000773,1.091684,20,0.013639,0.014645,-1.002435,0.000360,0.000920,0.000750,0.1844,0.3590,nan,nan,0.7794,-0.8370,1222676.000,1223056.000
124,1230.41,2026-10-08T16:00:08,0.139380,-0.202758,1.069186,0.000000,0.000530,0.001005,1.097131,20,0.013593,0.014485,-1.002409,0.000390,0.000331,0.001586,0.1892,0.3419,nan,nan,0.7768,-0.8278,1232676.000,1233056.000
125,1240.41,2026-10-08T16:00:18,0.139380,-0.202885,1.066990,0.000000,0.000800,0.002945,1.095014,20,0.013537,0.014525,-1.002066,0.000478,0.000883,0.002838,0.1828,0.3087,nan,nan,0.7739,-0.8304,1242672.000,1243056.000
126,1250.41,2026-10-08T16:00:28,0.139380,-0.202858,1.063177,0.000000,0.000370,0.000569,1.091295,20,0.013550,0.014382,-1.002208,0.000402,0.000420,0.001063,0.2079,0.4039,nan,nan,0.7745,-0.8221,1252672.000,1253052.000
127,1260.41,2026-10-08T16:00:38,0.139380,-0.203111,1.065020,0.000000,0.000725,0.002571,1.093137,20,0.013545,0.014538,-1.002661,0.000349,0.000728,0.001496,0.2009,0.4476,nan,nan,0.7739,-0.8307,1262664.000,1263044.000
128,1270.41,2026-10-08T16:00:48,0.139380,-0.203010,1.066712,0.000000,0.000000,0.002918,1.094766,20,0.013456,0.014490,-1.002750,0.000315,0.000617,0.004459,0.1593,0.2793,nan,nan,0.7687,-0.8279,1272664.000,1273044.000
129,1280.39,2026-10-08T16:00:58,0.139304,-0.203010,1.069338,0.000338,0.000328,0.000794,1.097316,20,0.013459,0.014670,-1.002718,0.000273,0.000451,0.000967,0.2044,0.3869,nan,nan,0.7689,-0.8382,1282664.000,1283044.000
130,1290.39,2026-10-08T16:01:08,0.139329,-0.202783,1.069338,0.000226,0.000476,0.000794,1.097277,20,0.013595,0.014502,-1.002398,0.000368,0.000441,0.002257,0.2278,0.3787,nan,nan,0.7769,-0.8289,1292664.000,1293044.000
131,1300.41,2026-10-08T16:01:18,0.139380,-0.202859,1.063329,0.000000,0.000615,0.000501,1.091442,20,0.013640,0.014639,-1.002334,0.000248,0.000517,0.000429,0.1541,0.2927,nan,nan,0.7796,-0.8367,1302664.000,1303044.000
132,1310.39,2026-10-08T16:01:28,0.139304,-0.202909,1.063127,0.000338,0.000532,0.000645,1.091246,20,0.013521,0.014442,-1.002060,0.000422,0.000425,0.001177,0.2064,0.3222,nan,nan,0.7730,-0.8257,1312664.000,1313044.000
133,1320.42,2026-10-08T16:01:38,0.139380,-0.203010,1.063127,0.000000,0.000328,0.000581,1.091273,20,0.013584,0.014498,-1.002738,0.000317,0.000839,0.003854,0.1648,0.2992,nan,nan,0.7761,-0.8283,1322664.000,1323052.000
134,1330.40,2026-10-08T16:01:48,0.139380,-0.202884,1.069237,0.000000,0.000396,0.000884,1.097203,20,0.013548,0.014249,-1.002609,0.000440,0.000480,0.004205,0.1943,0.3084,nan,nan,0.7741,-0.8142,1332664.000,1333044.000
135,1340.41,2026-10-08T16:01:58,0.139380,-0.202935,1.063631,0.000000,0.000596,0.000725,1.091751,20,0.013579,0.014506,-1.002549,0.000404,0.000629,0.001669,0.2005,0.3765,nan,nan,0.7759,-0.8290,1342664.000,1343044.000
136,1350.41,2026-10-08T16:02:08,0.139380,-0.203086,1.067217,0.000000,0.000340,0.002881,1.095272,20,0.013495,0.014667,-1.002626,0.000239,0.000566,0.002421,0.1661,0.3014,nan,nan,0.7710,-0.8381,1352664.000,1353044.000
137,1360.40,2026-10-08T16:02:18,0.139380,-0.203010,1.065424,0.000000,0.000636,0.002902,1.093512,20,0.013619,0.014542,-1.002456,0.000352,0.000767,0.002425,0.1432,0.2340,nan,nan,0.7782,-0.8311,1362648.000,1363028.000
138,1370.41,2026-10-08T16:02:28,0.139380,-0.202884,1.067065,0.000000,0.000396,0.002994,1.095087,20,0.013657,0.014555,-1.002553,0.000552,0.000909,0.001727,0.1811,0.3466,nan,nan,0.7804,-0.8317,1372668.000,1373048.000
139,1380.40,2026-10-08T16:02:38,0.139380,-0.202884,1.065803,0.000000,0.000565,0.003196,1.093858,20,0.013614,0.014482,-1.002536,0.000436,0.001215,0.002055,0.1658,0.2990,nan,nan,0.7779,-0.8276,1382668.000,1383048.000
140,1390.39,2026-10-08T16:02:48,0.139329,-0.202859,1.063631,0.000226,0.000615,0.000452,1.091730,20,0.013550,0.014738,-1.002407,0.000449,0.000595,0.001155,0.1580,0.2653,nan,nan,0.7744,-0.8423,1392648.000,1393028.000
141,1400.41,2026-10-08T16:02:58,0.139380,-0.202809,1.063581,0.000000,0.000599,0.000516,1.091678,20,0.013603,0.014744,-1.002585,0.000414,0.000491,0.000897,0.1604,0.2577,nan,nan,0.7773,-0.8426,1402656.000,1403040.000
142,1410.41,2026-10-08T16:03:08,0.139380,-0.202833,1.069489,0.000000,0.000441,0.000725,1.097440,20,0.013564,0.014619,-1.002700,0.000340,0.000449,0.002502,0.1566,0.2558,nan,nan,0.7749,-0.8353,1412664.000,1413048.000
143,1420.41,2026-10-08T16:03:18,0.139380,-0.202909,1.063556,0.000000,0.000452,0.000578,1.091673,20,0.013667,0.014703,-1.002926,0.000374,0.000628,0.003587,0.1856,0.2980,nan,nan,0.7806,-0.8399,1422648.000,1423028.000
144,1430.41,2026-10-08T16:03:28,0.139380,-0.202606,1.067519,0.000000,0.000812,0.003012,1.095479,20,0.013647,0.014752,-1.002503,0.000259,0.000534,0.000922,0.1723,0.2444,nan,nan,0.7798,-0.8431,1432648.000,1433028.000
145,1440.39,2026-10-08T16:03:38,0.139380,-0.202783,1.067570,0.000000,0.000741,0.002857,1.095561,20,0.013537,0.014706,-1.002662,0.000389,0.000405,0.001758,0.1909,0.3028,nan,nan,0.7734,-0.8403,1442648.000,1443028.000
146,1450.39,2026-10-08T16:03:48,0.139380,-0.202809,1.065828,0.000000,0.000501,0.003046,1.093868,20,0.013809,0.014672,-1.002736,0.000287,0.000403,0.001109,0.2032,0.3469,nan,nan,0.7889,-0.8383,1452648.000,1453028.000
147,1460.40,2026-10-08T16:03:58,0.139380,-0.202935,1.063681,0.000000,0.000471,0.000678,1.091800,20,0.013609,0.014725,-1.002518,0.000431,0.000408,0.002792,0.2076,0.3159,nan,nan,0.7776,-0.8415,1462648.000,1463028.000
148,1470.41,2026-10-08T16:04:08,0.139380,-0.202960,1.069742,0.000000,0.000541,0.000468,1.097710,20,0.013657,0.014606,-1.002692,0.000394,0.000580,0.000971,0.1889,0.3416,nan,nan,0.7803,-0.8346,1472648.000,1473028.000
149,1480.41,2026-10-08T16:04:18,0.139380,-0.202582,1.063681,0.000000,0.000699,0.000678,1.091735,20,0.013703,0.014694,-1.003000,0.000264,0.000385,0.000953,0.1827,0.3099,nan,nan,0.7826,-0.8394,1482656.000,1483044.000
150,1490.42,2026-10-08T16:04:28,0.139380,-0.202935,1.069792,0.000000,0.000720,0.000504,1.097755,20,0.013617,0.014659,-1.002833,0.000405,0.000960,0.002510,0.1631,0.2622,nan,nan,0.7779,-0.8375,1492656.000,1493036.000
151,1500.41,2026-10-08T16:04:38,0.139380,-0.202884,1.063833,0.000000,0.000833,0.000740,1.091938,20,0.013724,0.014597,-1.002849,0.000368,0.000441,0.001408,0.1861,0.3225,nan,nan,0.7840,-0.8339,1502656.000,1503036.000
152,1510.40,2026-10-08T16:04:48,0.139380,-0.202279,1.063328,0.000000,0.000858,0.000961,1.091334,20,0.013442,0.014412,-1.002490,0.000328,0.000431,0.000978,0.1735,0.2881,nan,nan,0.7681,-0.8236,1512656.000,1513036.000
153,1520.42,2026-10-08T16:04:58,0.139380,-0.201800,1.067318,0.000000,0.000841,0.002929,1.095133,20,0.013681,0.014604,-1.003157,0.000206,0.000516,0.001294,0.1622,0.3149,nan,nan,0.7812,-0.8340,1522656.000,1523036.000
154,1530.41,2026-10-08T16:05:08,0.139380,-0.201118,1.061611,0.000000,0.000750,0.001462,1.089446,20,0.013548,0.014499,-1.002733,0.000420,0.000344,0.000553,0.1596,0.2987,nan,nan,0.7740,-0.8284,1532656.000,1533036.000
155,1540.40,2026-10-08T16:05:18,0.139380,-0.200865,1.067671,0.000000,0.000654,0.002947,1.095306,20,0.013620,0.014575,-1.002647,0.000362,0.000724,0.003352,0.1817,0.2738,nan,nan,0.7782,-0.8329,1542656.000,1543036.000
156,1550.41,2026-10-08T16:05:28,0.139380,-0.200764,1.065904,0.000000,0.000795,0.003161,1.093565,20,0.013692,0.014672,-1.002854,0.000312,0.000720,0.002566,0.2021,0.3112,nan,nan,0.7821,-0.8382,1552656.000,1553036.000
157,1560.42,2026-10-08T16:05:38,0.139380,-0.201219,1.063631,0.000000,0.001043,0.000452,1.091433,20,0.013611,0.014394,-1.002641,0.000351,0.000385,0.001582,0.2077,0.4004,nan,nan,0.7776,-0.8225,1562652.000,1563036.000
158,1570.40,2026-10-08T16:05:48,0.139380,-0.202960,1.068126,0.000000,0.000398,0.002712,1.096135,20,0.013684,0.014448,-1.002781,0.000269,0.000462,0.001996,0.2190,0.3703,nan,nan,0.7817,-0.8255,1572640.000,1573020.000
159,1580.39,2026-10-08T16:05:58,0.139380,-0.203086,1.064237,0.000000,0.000575,0.001140,1.092369,20,0.013751,0.014443,-1.002431,0.000326,0.001297,0.001907,0.1488,0.2418,nan,nan,0.7859,-0.8255,1582640.000,1583020.000
160,1590.39,2026-10-08T16:06:08,0.139380,-0.202909,1.064237,0.000000,0.000876,0.001140,1.092337,20,0.013760,0.014714,-1.002909,0.000389,0.000740,0.001352,0.1830,0.3037,nan,nan,0.7860,-0.8405,1592640.000,1593020.000
161,1600.42,2026-10-08T16:06:18,0.139380,-0.203262,1.064237,0.000000,0.000794,0.001140,1.092402,20,0.013736,0.014370,-1.002825,0.000306,0.000910,0.002152,0.1454,0.2279,nan,nan,0.7847,-0.8210,1602656.000,1603036.000
162,1610.41,2026-10-08T16:06:28,0.139380,-0.202935,1.066914,0.000000,0.000338,0.004541,1.094950,20,0.013590,0.014440,-1.002657,0.000361,0.000752,0.000708,0.1927,0.3279,nan,nan,0.7765,-0.8251,1612656.000,1613036.000
163,1620.41,2026-10-08T16:06:38,0.139380,-0.203061,1.066636,0.000000,0.000226,0.004372,1.094702,20,0.013634,0.014602,-1.002735,0.000306,0.000790,0.000674,0.1362,0.2288,nan,nan,0.7789,-0.8343,1622656.000,1623036.000
164,1630.42,2026-10-08T16:06:48,0.139380,-0.202859,1.061738,0.000000,0.000656,0.001659,1.089892,20,0.013517,0.014807,-1.002883,0.000239,0.000825,0.000775,0.1850,0.2825,nan,nan,0.7721,-0.8458,1632656.000,1633036.000
165,1640.43,2026-10-08T16:06:58,0.139380,-0.202758,1.062924,0.000000,0.000530,0.001836,1.091029,20,0.013531,0.014625,-1.002690,0.000407,0.000726,0.002242,0.1936,0.3296,nan,nan,0.7731,-0.8356,1642656.000,1643044.000
166,1650.41,2026-10-08T16:07:08,0.139380,-0.202985,1.064237,0.000000,0.000530,0.001315,1.092351,20,0.013647,0.014585,-1.002738,0.000330,0.000646,0.001168,0.1948,0.3744,nan,nan,0.7796,-0.8333,1652648.000,1653028.000
167,1660.42,2026-10-08T16:07:18,0.139380,-0.202808,1.066055,0.000000,0.000528,0.002771,1.094089,20,0.013654,0.014688,-1.002824,0.000384,0.000567,0.000790,0.2176,0.3419,nan,nan,0.7800,-0.8391,1662648.000,1663028.000
168,1670.41,2026-10-08T16:07:28,0.139380,-0.202833,1.063883,0.000000,0.000441,0.000884,1.091978,20,0.013695,0.014822,-1.002568,0.000343,0.000487,0.001427,0.1950,0.3098,nan,nan,0.7826,-0.8470,1672648.000,1673028.000
169,1680.42,2026-10-08T16:07:38,0.139380,-0.202884,1.067773,0.000000,0.000631,0.003234,1.095777,20,0.013575,0.014511,-1.002704,0.000301,0.000719,0.002061,0.1974,0.2881,nan,nan,0.7756,-0.8291,1682648.000,1683028.000
170,1690.40,2026-10-08T16:07:48,0.139380,-0.202732,1.067747,0.000000,0.000504,0.002946,1.095724,20,0.013676,0.014553,-1.002848,0.000401,0.000519,0.001176,0.1869,0.2816,nan,nan,0.7812,-0.8314,1692648.000,1693028.000
171,1700.41,2026-10-08T16:07:58,0.139380,-0.202909,1.066358,0.000000,0.000532,0.002868,1.094403,20,0.013467,0.014689,-1.002700,0.000435,0.000548,0.001242,0.1795,0.3261,nan,nan,0.7694,-0.8393,1702648.000,1703028.000
172,1710.42,2026-10-08T16:08:08,0.139380,-0.202834,1.069640,0.000000,0.000661,0.000226,1.097588,20,0.013437,0.014452,-1.002916,0.000185,0.000567,0.000587,0.1988,0.3292,nan,nan,0.7675,-0.8256,1712648.000,1713028.000
173,1720.41,2026-10-08T16:08:18,0.139380,-0.202909,1.066232,0.000000,0.000311,0.003014,1.094280,20,0.013808,0.014574,-1.002910,0.000401,0.000753,0.003797,0.2137,0.2970,nan,nan,0.7887,-0.8325,1722648.000,1723032.000
174,1730.41,2026-10-08T16:08:28,0.139380,-0.202884,1.063681,0.000000,0.000396,0.000678,1.091791,20,0.013567,0.014689,-1.002833,0.000322,0.000515,0.001564,0.1881,0.2714,nan,nan,0.7750,-0.8392,1732644.000,1733024.000
175,1740.40,2026-10-08T16:08:38,0.139380,-0.203010,1.064136,0.000000,0.000328,0.001106,1.092257,20,0.013706,0.014630,-1.002373,0.000347,0.000489,0.001430,0.1738,0.2995,nan,nan,0.7833,-0.8362,1742644.000,1743024.000
176,1750.40,2026-10-08T16:08:48,0.139380,-0.203238,1.064288,0.000000,0.000557,0.001346,1.092447,20,0.013626,0.014707,-1.002649,0.000426,0.000668,0.002727,0.1810,0.3083,nan,nan,0.7785,-0.8404,1752644.000,1753024.000
177,1760.42,2026-10-08T16:08:58,0.139380,-0.202960,1.060904,0.000000,0.000398,0.000583,1.089099,20,0.013667,0.014761,-1.002499,0.000241,0.000680,0.001330,0.1873,0.3577,nan,nan,0.7810,-0.8436,1762644.000,1763024.000
178,1770.42,2026-10-08T16:09:08,0.139380,-0.202834,1.064035,0.000000,0.000617,0.001111,1.092126,20,0.013943,0.014526,-1.002925,0.000485,0.000553,0.001051,0.1671,0.3086,nan,nan,0.7964,-0.8298,1772644.000,1773024.000
179,1780.41,2026-10-08T16:09:18,0.139380,-0.202177,1.062495,0.000000,0.000773,0.001506,1.090504,20,0.013669,0.014891,-1.002525,0.000276,0.000395,0.000925,0.1849,0.3316,nan,nan,0.7810,-0.8510,1782644.000,1783024.000
180,1790.40,2026-10-08T16:09:28,0.139380,-0.201573,1.069590,0.000000,0.000840,0.000000,1.097306,20,0.013729,0.014627,-1.002709,0.000239,0.000765,0.000431,0.1623,0.2696,nan,nan,0.7844,-0.8357,1792644.000,1793024.000
181,1800.43,2026-10-08T16:09:38,0.139380,-0.202985,1.063833,0.000000,0.000579,0.000933,1.091957,20,0.013659,0.014333,-1.002477,0.000283,0.000537,0.004160,0.1963,0.3326,nan,nan,0.7805,-0.8191,1802652.000,1803040.000
182,1810.40,2026-10-08T16:09:48,0.139380,-0.202884,1.068076,0.000000,0.000631,0.002899,1.096072,20,0.013578,0.014729,-1.002641,0.000321,0.000649,0.002027,0.1961,0.3165,nan,nan,0.7758,-0.8416,1812632.000,1813012.000
183,1820.41,2026-10-08T16:09:58,0.139380,-0.203264,1.067823,0.000000,0.000845,0.002892,1.095896,20,0.013591,0.014588,-1.002673,0.000364,0.000679,0.001562,0.2436,0.3786,nan,nan,0.7765,-0.8336,1822632.000,1823012.000
184,1830.42,2026-10-08T16:10:08,0.139380,-0.203086,1.064944,0.000000,0.000340,0.001777,1.093058,20,0.013628,0.014636,-1.002768,0.000384,0.001115,0.001292,0.2058,0.3051,nan,nan,0.7785,-0.8362,1832652.000,1833032.000
185,1840.40,2026-10-08T16:10:18,0.139380,-0.203036,1.061712,0.000000,0.000645,0.001783,1.089900,20,0.013598,0.014450,-1.002753,0.000377,0.000724,0.001489,0.2144,0.4000,nan,nan,0.7768,-0.8256,1842636.000,1843016.000
186,1850.41,2026-10-08T16:10:28,0.139380,-0.202860,1.063681,0.000000,0.000677,0.000678,1.091786,20,0.013735,0.014549,-1.002740,0.000277,0.000376,0.001838,0.1697,0.3813,nan,nan,0.7847,-0.8312,1852636.000,1853016.000
187,1860.39,2026-10-08T16:10:38,0.139380,-0.202909,1.063455,0.000000,0.000311,0.002125,1.091574,20,0.013787,0.014558,-1.002932,0.000327,0.000549,0.001432,0.1693,0.2722,nan,nan,0.7875,-0.8316,1862636.000,1863016.000
188,1870.41,2026-10-08T16:10:48,0.139380,-0.202759,1.060930,0.000000,0.000683,0.000620,1.089087,20,0.013649,0.014535,-1.002536,0.000553,0.001070,0.009719,0.1680,0.2575,nan,nan,0.7799,-0.8306,1872636.000,1873016.000
189,1880.41,2026-10-08T16:10:58,0.139380,-0.202808,1.061031,0.000000,0.000414,0.000705,1.089194,20,0.013665,0.014897,-1.002700,0.000466,0.000775,0.002544,0.1749,0.3190,nan,nan,0.7807,-0.8512,1882640.000,1883028.000
190,1890.40,2026-10-08T16:11:08,0.139380,-0.202858,1.064490,0.000000,0.000494,0.001408,1.092573,20,0.013709,0.014630,-1.002525,0.000269,0.001233,0.003010,0.1896,0.2746,nan,nan,0.7834,-0.8361,1892628.000,1893008.000
191,1900.42,2026-10-08T16:11:18,0.139380,-0.202859,1.064465,0.000000,0.000569,0.002829,1.092549,20,0.013762,0.014572,-1.002988,0.000352,0.000746,0.002258,0.2128,0.3839,nan,nan,0.7860,-0.8324,1902628.000,1903008.000
192,1910.41,2026-10-08T16:11:28,0.139380,-0.202758,1.064641,0.000000,0.000623,0.001635,1.092702,20,0.013680,0.014557,-1.002853,0.000391,0.000581,0.000724,0.1766,0.3577,nan,nan,0.7814,-0.8316,1912628.000,1913008.000
193,1920.39,2026-10-08T16:11:38,0.139380,-0.202809,1.062394,0.000000,0.000722,0.001637,1.090522,20,0.013622,0.014408,-1.002549,0.000488,0.000509,0.001712,0.2278,0.3461,nan,nan,0.7784,-0.8234,1922628.000,1923008.000
194,1930.40,2026-10-08T16:11:48,0.139380,-0.202935,1.066661,0.000000,0.000718,0.002680,1.094703,20,0.013614,0.014500,-1.002882,0.000326,0.000453,0.000814,0.1588,0.2510,nan,nan,0.7777,-0.8284,1932628.000,1933008.000
195,1940.41,2026-10-08T16:11:58,0.139380,-0.202481,1.062974,0.000000,0.000842,0.001809,1.091027,20,0.013725,0.014631,-1.002684,0.000485,0.000641,0.002399,0.1967,0.4093,nan,nan,0.7841,-0.8360,1942628.000,1943008.000
196,1950.39,2026-10-08T16:12:08,0.139380,-0.202582,1.065802,0.000000,0.000679,0.002910,1.093801,20,0.013720,0.014708,-1.002519,0.000241,0.000523,0.000374,0.1978,0.3696,nan,nan,0.7840,-0.8405,1952628.000,1953008.000
197,1960.41,2026-10-08T16:12:18,0.139380,-0.203111,1.067368,0.000000,0.000581,0.002009,1.095425,20,0.013839,0.014657,-1.002763,0.000368,0.000774,0.001868,0.1948,0.3799,nan,nan,0.7906,-0.8374,1962632.000,1963020.000
198,1970.40,2026-10-08T16:12:28,0.139380,-0.202783,1.068151,0.000000,0.000476,0.002654,1.096127,20,0.013766,0.014647,-1.002294,0.000305,0.000468,0.001390,0.1932,0.3260,nan,nan,0.7868,-0.8373,1972632.000,1973012.000
199,1980.41,2026-10-08T16:12:38,0.139380,-0.202733,1.066055,0.000000,0.000577,0.002085,1.094075,20,0.013703,0.014637,-1.002711,0.000395,0.000833,0.001579,0.1650,0.2652,nan,nan,0.7829,-0.8363,1982632.000,1983012.000
200,1990.40,2026-10-08T16:12:48,0.139380,-0.202859,1.069995,0.000000,0.000465,0.002018,1.097938,20,0.013716,0.014513,-1.002849,0.000433,0.000425,0.001613,0.2024,0.3595,nan,nan,0.7835,-0.8291,1992632.000,1993012.000
201,2000.40,2026-10-08T16:12:58,0.139380,-0.202960,1.061586,0.000000,0.000398,0.001624,1.089763,20,0.013848,0.014669,-1.002540,0.000339,0.001098,0.002696,0.1643,0.2768,nan,nan,0.7913,-0.8383,2002632.000,2003012.000
202,2010.42,2026-10-08T16:13:08,0.139380,-0.202935,1.064086,0.000000,0.000338,0.001009,1.092194,20,0.013702,0.014813,-1.002793,0.000285,0.000789,0.000733,0.2297,0.3796,nan,nan,0.7827,-0.8463,2012632.000,2013012.000
203,2020.42,2026-10-08T16:13:18,0.139380,-0.202909,1.063632,0.000000,0.000311,0.002214,1.091747,20,0.013306,0.014652,-1.002654,0.000880,0.000713,0.001777,0.1785,0.3511,nan,nan,0.7602,-0.8372,2022632.000,2023012.000
204,2030.41,2026-10-08T16:13:28,0.139380,-0.202733,1.062394,0.000000,0.000577,0.002167,1.090509,20,0.013596,0.014549,-1.002874,0.000464,0.000642,0.000979,0.2071,0.3314,nan,nan,0.7766,-0.8311,2032632.000,2033012.000
205,2040.41,2026-10-08T16:13:38,0.139380,-0.202833,1.066914,0.000000,0.000441,0.001647,1.094930,20,0.013614,0.014426,-1.002536,0.000313,0.000449,0.000608,0.1966,0.3307,nan,nan,0.7780,-0.8244,2042620.000,2043008.000
206,2050.40,2026-10-08T16:13:48,0.139380,-0.202027,1.063530,0.000000,0.000858,0.000000,1.091484,20,0.013541,0.014378,-1.002215,0.000607,0.000662,0.000649,0.1687,0.3100,nan,nan,0.7740,-0.8219,2052624.000,2053004.000
207,2060.42,2026-10-08T16:13:58,0.139380,-0.202531,1.063631,0.000000,0.000555,0.000452,1.091676,20,0.013881,0.014522,-1.002509,0.000420,0.000913,0.001664,0.2443,0.3887,nan,nan,0.7932,-0.8299,2062624.000,2063004.000
208,2070.40,2026-10-08T16:14:08,0.139380,-0.202354,1.063985,0.000000,0.000913,0.000954,1.091988,20,0.013721,0.014790,-1.002702,0.000514,0.000552,0.000805,0.2110,0.3855,nan,nan,0.7839,-0.8450,2072624.000,2073004.000
209,2080.43,2026-10-08T16:14:18,0.139380,-0.202229,1.064237,0.000000,0.000683,0.001315,1.092210,20,0.013903,0.014725,-1.002970,0.000423,0.000439,0.001940,0.1712,0.2782,nan,nan,0.7941,-0.8411,2082632.000,2083012.000
210,2090.41,2026-10-08T16:14:28,0.139380,-0.202280,1.063985,0.000000,0.000702,0.001110,1.091974,20,0.013833,0.014444,-1.002286,0.000411,0.000891,0.002664,0.1856,0.3133,nan,nan,0.7906,-0.8256,2092632.000,2093012.000
211,2100.43,2026-10-08T16:14:38,0.139380,-0.203692,1.065449,0.000000,0.001014,0.002096,1.093663,20,0.013751,0.014446,-1.002626,0.000253,0.000463,0.000616,0.1889,0.2979,nan,nan,0.7857,-0.8254,2102632.000,2103012.000
212,2110.41,2026-10-08T16:14:48,0.139380,-0.202884,1.064641,0.000000,0.000565,0.001347,1.092726,20,0.013661,0.014645,-1.002539,0.000388,0.000596,0.000659,0.2009,0.3602,nan,nan,0.7806,-0.8369,2112632.000,2113012.000
213,2120.41,2026-10-08T16:14:58,0.139380,-0.203111,1.064843,0.000000,0.000581,0.001540,1.092965,20,0.013817,0.014837,-1.002798,0.000351,0.000877,0.000674,0.1805,0.2984,nan,nan,0.7893,-0.8477,2122624.000,2123012.000
214,2130.42,2026-10-08T16:15:08,0.139380,-0.203010,1.062218,0.000000,0.000633,0.002055,1.090389,20,0.013642,0.014810,-1.002537,0.000357,0.000582,0.001961,0.1797,0.2630,nan,nan,0.7795,-0.8463,2132624.000,2133004.000
215,2140.42,2026-10-08T16:15:18,0.139380,-0.203010,1.066460,0.000000,0.000492,0.002676,1.094521,20,0.013556,0.015057,-1.002531,0.000428,0.000653,0.003922,0.1988,0.3941,nan,nan,0.7746,-0.8605,2142624.000,2143004.000
216,2150.40,2026-10-08T16:15:28,0.139380,-0.203213,1.064439,0.000000,0.000601,0.001635,1.092590,20,0.013757,0.014712,-1.002609,0.000374,0.000461,0.003339,0.1745,0.2607,nan,nan,0.7860,-0.8407,2152624.000,2153004.000
217,2160.40,2026-10-08T16:15:38,0.139380,-0.202935,1.063455,0.000000,0.000718,0.000338,1.091579,20,0.013756,0.014585,-1.002564,0.000729,0.001596,0.008428,0.1866,0.3139,nan,nan,0.7860,-0.8334,2162624.000,2163004.000
218,2170.40,2026-10-08T16:15:48,0.139380,-0.202758,1.063631,0.000000,0.000556,0.000452,1.091718,20,0.013817,0.014632,-1.002626,0.000326,0.000502,0.001269,0.1836,0.3044,nan,nan,0.7894,-0.8361,2172624.000,2173004.000
219,2180.41,2026-10-08T16:15:58,0.139380,-0.203086,1.063530,0.000000,0.000340,0.000000,1.091681,20,0.013775,0.014622,-1.002674,0.000271,0.000411,0.001696,0.2089,0.3366,nan,nan,0.7870,-0.8355,2182612.000,2182992.000
220,2190.40,2026-10-08T16:16:08,0.139380,-0.203061,1.063732,0.000000,0.000541,0.000622,1.091873,20,0.013905,0.014568,-1.002576,0.000388,0.000510,0.003696,0.1807,0.2988,nan,nan,0.7945,-0.8325,2192612.000,2192992.000
221,2200.41,2026-10-08T16:16:18,0.139380,-0.203162,1.061257,0.000000,0.000468,0.001346,1.089481,20,0.013742,0.014469,-1.002607,0.000347,0.000751,0.001789,0.2287,0.3723,nan,nan,0.7852,-0.8268,2202616.000,2203000.000
222,2210.41,2026-10-08T16:16:28,0.139380,-0.203161,1.063783,0.000000,0.000494,0.000794,1.091941,20,0.013703,0.014675,-1.002910,0.000364,0.000638,0.004412,0.1831,0.3350,nan,nan,0.7827,-0.8383,2212624.000,2213004.000
223,2220.41,2026-10-08T16:16:38,0.139380,-0.203111,1.063833,0.000000,0.000581,0.000933,1.091981,20,0.013611,0.014790,-1.002641,0.000494,0.000766,0.001332,0.2138,0.3763,nan,nan,0.7776,-0.8451,2222624.000,2223004.000
224,2230.41,2026-10-08T16:16:48,0.139380,-0.201168,1.061409,0.000000,0.001027,0.001307,1.089259,20,0.013545,0.014642,-1.002868,0.000386,0.000939,0.005163,0.2189,0.3741,nan,nan,0.7738,-0.8365,2232620.000,2233000.000
225,2240.42,2026-10-08T16:16:58,0.139380,-0.200915,1.065197,0.000000,0.000902,0.002688,1.092903,20,0.013864,0.014750,-1.002703,0.000310,0.000652,0.001483,0.2079,0.3366,nan,nan,0.7921,-0.8428,2242624.000,2243004.000
226,2250.41,2026-10-08T16:17:08,0.139380,-0.200840,1.061435,0.000000,0.000971,0.001314,1.089223,20,0.013728,0.014677,-1.002476,0.000269,0.000752,0.003395,0.2307,0.3847,nan,nan,0.7845,-0.8388,2252624.000,2253004.000
227,2260.41,2026-10-08T16:17:18,0.139380,-0.200637,1.063530,0.000000,0.000717,0.000000,1.091228,20,0.013693,0.014770,-1.002971,0.000425,0.000592,0.001876,0.1888,0.3035,nan,nan,0.7821,-0.8437,2262624.000,2263004.000
228,2270.41,2026-10-08T16:17:28,0.139380,-0.202128,1.063329,0.000000,0.000981,0.000501,1.091306,20,0.013761,0.014513,-1.002590,0.000341,0.000502,0.000920,0.1961,0.3567,nan,nan,0.7863,-0.8293,2272624.000,2273004.000
229,2280.42,2026-10-08T16:17:38,0.139380,-0.202859,1.061561,0.000000,0.000569,0.001621,1.089720,20,0.013673,0.014633,-1.002836,0.000453,0.000522,0.000714,0.1984,0.3679,nan,nan,0.7811,-0.8360,2282624.000,2283012.000
230,2290.40,2026-10-08T16:17:48,0.139380,-0.203061,1.064086,0.000000,0.000516,0.001157,1.092217,20,0.013620,0.014536,-1.002961,0.000501,0.000735,0.000873,0.3215,0.5270,nan,nan,0.7780,-0.8304,2292612.000,2292992.000
231,2300.42,2026-10-08T16:17:58,0.139380,-0.202935,1.065853,0.000000,0.000526,0.002782,1.093916,20,0.013826,0.014663,-1.002831,0.000621,0.000548,0.004416,0.2161,0.3754,nan,nan,0.7898,-0.8377,2302612.000,2302992.000
232,2310.41,2026-10-08T16:18:08,0.139380,-0.202935,1.064136,0.000000,0.000526,0.001106,1.092243,20,0.013808,0.014730,-1.002694,0.000328,0.000598,0.000528,0.1995,0.3788,nan,nan,0.7889,-0.8416,2312616.000,2312996.000
233,2320.42,2026-10-08T16:18:18,0.139380,-0.202809,1.061687,0.000000,0.000738,0.001863,1.089834,20,0.013824,0.014746,-1.002733,0.000271,0.000586,0.001919,0.2279,0.4397,nan,nan,0.7898,-0.8425,2322616.000,2322996.000
234,2330.41,2026-10-08T16:18:28,0.139380,-0.203010,1.064187,0.000000,0.000568,0.001194,1.092306,20,0.013865,0.014669,-1.002747,0.000394,0.000633,0.003518,0.1910,0.2801,nan,nan,0.7921,-0.8381,2332620.000,2333000.000
235,2340.40,2026-10-08T16:18:38,0.139380,-0.203036,1.066182,0.000000,0.000418,0.002963,1.094255,20,0.013723,0.014835,-1.003219,0.000353,0.000702,0.001657,0.2090,0.3337,nan,nan,0.7836,-0.8472,2342608.000,2342988.000
236,2350.40,2026-10-08T16:18:48,0.139380,-0.202909,1.061864,0.000000,0.000452,0.001825,1.090025,20,0.013727,0.015040,-1.003363,0.000400,0.000514,0.000567,0.2093,0.3343,nan,nan,0.7837,-0.8588,2352608.000,2352988.000
237,2360.42,2026-10-08T16:18:58,0.139380,-0.202859,1.063176,0.000000,0.000465,0.001862,1.091294,20,0.013828,0.014658,-1.002918,0.000373,0.000518,0.000771,0.2012,0.3229,nan,nan,0.7898,-0.8374,2362620.000,2363008.000
238,2370.41,2026-10-08T16:19:08,0.139380,-0.202960,1.064641,0.000000,0.000226,0.001425,1.092740,20,0.013895,0.014906,-1.003230,0.000279,0.000632,0.001313,0.2105,0.4231,nan,nan,0.7934,-0.8512,2372604.000,2372984.000
239,2380.39,2026-10-08T16:19:18,0.139380,-0.202809,1.064288,0.000000,0.000682,0.001385,1.092367,20,0.013859,0.014927,-1.003258,0.000352,0.000829,0.001019,0.1932,0.2939,nan,nan,0.7913,-0.8524,2382604.000,2382984.000
240,2390.41,2026-10-08T16:19:28,0.139380,-0.202859,1.061838,0.000000,0.000465,0.002100,1.089991,20,0.013761,0.014837,-1.003331,0.000269,0.000697,0.000961,0.2331,0.3698,nan,nan,0.7857,-0.8472,2392612.000,2392992.000
241,2400.41,2026-10-08T16:19:38,0.139380,-0.202884,1.063405,0.000000,0.000631,0.004135,1.091521,20,0.013986,0.014494,-1.003116,0.000234,0.000859,0.001025,0.2022,0.3868,nan,nan,0.7987,-0.8278,2402612.000,2402992.000
242,2410.41,2026-10-08T16:19:48,0.139304,-0.202657,1.068758,0.000338,0.000569,0.002561,1.096685,20,0.013894,0.014805,-1.002982,0.000293,0.000597,0.000395,0.1905,0.3441,nan,nan,0.7936,-0.8457,2412604.000,2412984.000
243,2420.40,2026-10-08T16:19:58,0.139380,-0.200789,1.061486,0.000000,0.000874,0.001232,1.089264,20,0.013747,0.014917,-1.003199,0.000332,0.000658,0.000773,0.1769,0.3256,nan,nan,0.7850,-0.8519,2422604.000,2422984.000
244,2430.41,2026-10-08T16:20:08,0.139380,-0.201043,1.064439,0.000000,0.000675,0.001307,1.092188,20,0.013989,0.014874,-1.002968,0.000357,0.001420,0.002039,0.1722,0.3019,nan,nan,0.7990,-0.8497,2432604.000,2432984.000
245,2440.41,2026-10-08T16:20:18,0.139380,-0.200739,1.065399,0.000000,0.000726,0.001362,1.093068,20,0.013742,0.014862,-1.003326,0.000304,0.000588,0.001805,0.1794,0.3622,nan,nan,0.7846,-0.8486,2442604.000,2442984.000
246,2450.41,2026-10-08T16:20:28,0.139380,-0.200687,1.064237,0.000000,0.000722,0.002365,1.091926,20,0.013717,0.014961,-1.003108,0.000347,0.000926,0.002302,0.1967,0.3884,nan,nan,0.7834,-0.8545,2452608.000,2452988.000
247,2460.41,2026-10-08T16:20:38,0.139380,-0.200588,1.064389,0.000000,0.000908,0.001238,1.092055,20,0.013841,0.014864,-1.003287,0.000350,0.000587,0.000947,0.1715,0.3587,nan,nan,0.7903,-0.8488,2462612.000,2462992.000
248,2470.39,2026-10-08T16:20:48,0.139380,-0.202808,1.065550,0.000000,0.000528,0.001911,1.093597,20,0.013776,0.014668,-1.003262,0.000397,0.000608,0.001478,0.1683,0.3029,nan,nan,0.7866,-0.8376,2472592.000,2472972.000
249,2480.40,2026-10-08T16:20:58,0.139380,-0.202935,1.065197,0.000000,0.000471,0.001803,1.093276,20,0.013721,0.014707,-1.003146,0.000413,0.000676,0.001028,0.1587,0.2593,nan,nan,0.7836,-0.8399,2482604.000,2482984.000
250,2490.41,2026-10-08T16:21:08,0.139380,-0.202707,1.062445,0.000000,0.000552,0.001912,1.090554,20,0.013605,0.014872,-1.002906,0.000398,0.000403,0.001289,0.1990,0.4212,nan,nan,0.7771,-0.8496,2492604.000,2492984.000
251,2500.40,2026-10-08T16:21:18,0.139380,-0.202808,1.065197,0.000000,0.000414,0.002205,1.093253,20,0.013908,0.014831,-1.003128,0.000369,0.000642,0.001243,0.1940,0.3268,nan,nan,0.7942,-0.8470,2502604.000,2502984.000
252,2510.41,2026-10-08T16:21:28,0.139380,-0.202859,1.065550,0.000000,0.000465,0.001765,1.093607,20,0.013962,0.014703,-1.002989,0.000378,0.000803,0.001320,0.2013,0.3186,nan,nan,0.7975,-0.8398,2512604.000,2512984.000
253,2520.42,2026-10-08T16:21:38,0.139380,-0.202960,1.064591,0.000000,0.000541,0.002584,1.092691,20,0.013961,0.014834,-1.003229,0.000242,0.000535,0.001004,0.1544,0.2514,nan,nan,0.7972,-0.8471,2522604.000,2522984.000
254,2530.42,2026-10-08T16:21:48,0.139380,-0.202834,1.064793,0.000000,0.000550,0.002508,1.092864,20,0.014070,0.014774,-1.003251,0.000285,0.000514,0.001827,0.1792,0.3175,nan,nan,0.8034,-0.8437,2532604.000,2532996.000
255,2540.41,2026-10-08T16:21:58,0.139380,-0.202960,1.069515,0.000000,0.000541,0.002278,1.097489,20,0.013956,0.014805,-1.002987,0.000355,0.000651,0.000811,0.1816,0.3106,nan,nan,0.7971,-0.8457,2542596.000,2542976.000
256,2550.39,2026-10-08T16:22:08,0.139380,-0.202606,1.066711,0.000000,0.000581,0.001511,1.094692,20,0.013896,0.014962,-1.002980,0.000319,0.000581,0.000956,0.1820,0.3228,nan,nan,0.7937,-0.8546,2552596.000,2552976.000
257,2560.41,2026-10-08T16:22:18,0.139380,-0.202809,1.061813,0.000000,0.000501,0.002016,1.089957,20,0.013800,0.014758,-1.003163,0.000276,0.000617,0.001287,0.1802,0.2544,nan,nan,0.7880,-0.8429,2562596.000,2562976.000
258,2570.39,2026-10-08T16:22:28,0.139380,-0.202960,1.065449,0.000000,0.000541,0.001851,1.093527,20,0.014054,0.014816,-1.003218,0.000370,0.000444,0.001816,0.1632,0.2541,nan,nan,0.8025,-0.8461,2572596.000,2572976.000
259,2580.41,2026-10-08T16:22:38,0.139380,-0.202833,1.064893,0.000000,0.000441,0.001476,1.092962,20,0.013657,0.014836,-1.003303,0.000153,0.000719,0.000495,0.1801,0.3242,nan,nan,0.7798,-0.8472,2582604.000,2582984.000
260,2590.40,2026-10-08T16:22:48,0.139380,-0.202884,1.061537,0.000000,0.000396,0.000905,1.089701,20,0.013950,0.014915,-1.003335,0.000497,0.000587,0.001707,0.2215,0.3970,nan,nan,0.7965,-0.8517,2592604.000,2592984.000
261,2600.41,2026-10-08T16:22:58,0.139380,-0.202985,1.064843,0.000000,0.000758,0.001857,1.092941,20,0.013914,0.014771,-1.002806,0.000237,0.000426,0.001320,0.1456,0.2365,nan,nan,0.7949,-0.8439,2602604.000,2602984.000
262,2610.43,2026-10-08T16:23:08,0.139380,-0.203010,1.065373,0.000000,0.000787,0.002853,1.093463,20,0.013874,0.014797,-1.003240,0.000200,0.000662,0.001266,0.1998,0.3382,nan,nan,0.7922,-0.8450,2612592.000,2612996.000
263,2620.42,2026-10-08T16:23:18,0.139380,-0.202707,1.064338,0.000000,0.000475,0.002465,1.092397,20,0.013878,0.014902,-1.002812,0.000286,0.000266,0.001090,0.1838,0.3099,nan,nan,0.7928,-0.8514,2622600.000,2622980.000
264,2630.41,2026-10-08T16:23:28,0.139380,-0.202808,1.061662,0.000000,0.000414,0.001503,1.089809,20,0.013653,0.014849,-1.002925,0.000322,0.000333,0.001724,0.1838,0.3135,nan,nan,0.7798,-0.8482,2632600.000,2632980.000
265,2640.42,2026-10-08T16:23:38,0.139380,-0.202859,1.061789,0.000000,0.000465,0.001753,1.089942,20,0.013591,0.014738,-1.002790,0.000338,0.000461,0.001045,0.2240,0.4061,nan,nan,0.7764,-0.8420,2642600.000,2642980.000
266,2650.41,2026-10-08T16:23:48,0.139380,-0.202784,1.065701,0.000000,0.000553,0.001476,1.093740,20,0.013701,0.014805,-1.002819,0.000380,0.000836,0.000966,0.2029,0.3206,nan,nan,0.7827,-0.8458,2652600.000,2652980.000
267,2660.40,2026-10-08T16:23:58,0.139380,-0.202858,1.065197,0.000000,0.000370,0.002294,1.093263,20,0.013878,0.014672,-1.002870,0.000328,0.000597,0.002852,0.2040,0.2934,nan,nan,0.7928,-0.8382,2662600.000,2662980.000
268,2670.41,2026-10-08T16:24:08,0.139380,-0.202858,1.061511,0.000000,0.000370,0.000956,1.089671,20,0.013781,0.014536,-1.002997,0.000449,0.000773,0.004502,0.1822,0.2946,nan,nan,0.7871,-0.8303,2672600.000,2672980.000
269,2680.41,2026-10-08T16:24:18,0.139380,-0.202858,1.065399,0.000000,0.000370,0.001680,1.093459,20,0.013594,0.014951,-1.002773,0.000444,0.000933,0.001587,0.1698,0.2767,nan,nan,0.7766,-0.8542,2682588.000,2682968.000
270,2690.41,2026-10-08T16:24:28,0.139380,-0.203010,1.065752,0.000000,0.000328,0.001871,1.093831,20,0.013833,0.014748,-1.003107,0.000271,0.000797,0.002891,0.2127,0.3558,nan,nan,0.7900,-0.8423,2692600.000,2692984.000
271,2700.40,2026-10-08T16:24:38,0.139380,-0.202707,1.067721,0.000000,0.000889,0.002436,1.095694,20,0.013810,0.014757,-1.002958,0.000370,0.000526,0.001685,0.1754,0.2965,nan,nan,0.7888,-0.8429,2702584.000,2702964.000
272,2710.41,2026-10-08T16:24:48,0.139380,-0.202960,1.068277,0.000000,0.000541,0.001575,1.096282,20,0.014095,0.014832,-1.003165,0.000724,0.000881,0.003801,0.1689,0.2660,nan,nan,0.8049,-0.8470,2712584.000,2712964.000
273,2720.41,2026-10-08T16:24:58,0.139380,-0.202910,1.064137,0.000000,0.000795,0.002694,1.092240,20,0.013785,0.014711,-1.003013,0.000907,0.000968,0.005135,0.1753,0.2981,nan,nan,0.7873,-0.8403,2722604.000,2722984.000
274,2730.43,2026-10-08T16:25:08,0.139380,-0.202960,1.068529,0.000000,0.000587,0.001686,1.096529,20,0.013711,0.014738,-1.002851,0.000537,0.000759,0.002040,0.1881,0.3044,nan,nan,0.7832,-0.8419,2732604.000,2732984.000
275,2740.42,2026-10-08T16:25:18,0.139380,-0.202960,1.065600,0.000000,0.000226,0.001686,1.093674,20,0.013792,0.014895,-1.002975,0.000505,0.001134,0.001447,0.1622,0.2886,nan,nan,0.7878,-0.8508,2742604.000,2742984.000
276,2750.43,2026-10-08T16:25:28,0.139380,-0.202909,1.066207,0.000000,0.000532,0.001918,1.094256,20,0.013600,0.014686,-1.002860,0.000322,0.000912,0.000802,0.1766,0.3020,nan,nan,0.7769,-0.8390,2752604.000,2752984.000
277,2760.39,2026-10-08T16:25:38,0.139431,-0.203111,1.062293,0.000226,0.000311,0.001414,1.090487,20,0.013836,0.014550,-1.003013,0.000255,0.000390,0.000444,0.1766,0.3066,nan,nan,0.7902,-0.8311,2762584.000,2762964.000
278,2770.42,2026-10-08T16:25:48,0.139380,-0.202683,1.065954,0.000000,0.000595,0.002859,1.093968,20,0.013780,0.014559,-1.003238,0.000238,0.000555,0.000478,0.1766,0.3368,nan,nan,0.7869,-0.8314,2772592.000,2772980.000
279,2780.40,2026-10-08T16:25:58,0.139380,-0.203087,1.063178,0.000000,0.000774,0.001854,1.091338,20,0.013758,0.014738,-1.002966,0.000396,0.000742,0.000703,0.1798,0.3159,nan,nan,0.7858,-0.8419,2782584.000,2782964.000
280,2790.42,2026-10-08T16:26:08,0.139380,-0.202960,1.064969,0.000000,0.000398,0.002404,1.093060,20,0.013946,0.014871,-1.002977,0.000381,0.000982,0.001129,0.1926,0.3074,nan,nan,0.7965,-0.8494,2792604.000,2792984.000
281,2800.43,2026-10-08T16:26:18,0.139380,-0.202808,1.066358,0.000000,0.000414,0.002164,1.094384,20,0.013947,0.014533,-1.003027,0.000508,0.000913,0.001847,0.1663,0.2798,nan,nan,0.7966,-0.8301,2802604.000,2802984.000
282,2810.39,2026-10-08T16:26:28,0.139380,-0.202960,1.066257,0.000000,0.000226,0.001914,1.094314,20,0.013627,0.014744,-1.002814,0.000367,0.001256,0.001251,0.2048,0.3221,nan,nan,0.7784,-0.8423,2812584.000,2812964.000
283,2820.43,2026-10-08T16:26:38,0.139380,-0.202960,1.066207,0.000000,0.000675,0.001773,1.094265,20,0.013689,0.014617,-1.003066,0.000241,0.001536,0.001251,0.1680,0.2835,nan,nan,0.7818,-0.8349,2822604.000,2822984.000
284,2830.40,2026-10-08T16:26:48,0.139380,-0.203036,1.066055,0.000000,0.000476,0.001980,1.094131,20,0.013631,0.014673,-1.002920,0.000309,0.000971,0.001273,0.1952,0.3273,nan,nan,0.7786,-0.8382,2832584.000,2832964.000
285,2840.43,2026-10-08T16:26:58,0.139380,-0.202935,1.062117,0.000000,0.000338,0.002350,1.090276,20,0.014023,0.014785,-1.003168,0.000345,0.000816,0.006117,0.1906,0.3015,nan,nan,0.8008,-0.8444,2842604.000,2842984.000
286,2850.42,2026-10-08T16:27:08,0.139380,-0.202808,1.066207,0.000000,0.000414,0.001680,1.094237,20,0.013925,0.014705,-1.003034,0.000372,0.000422,0.001059,0.1596,0.2494,nan,nan,0.7953,-0.8399,2852576.000,2852964.000
287,2860.43,2026-10-08T16:27:18,0.139380,-0.202884,1.066409,0.000000,0.000396,0.002054,1.094448,20,0.013816,0.014696,-1.003089,0.000299,0.000493,0.002300,0.2284,0.4051,nan,nan,0.7890,-0.8393,2862596.000,2862976.000
288,2870.43,2026-10-08T16:27:28,0.139380,-0.202909,1.066005,0.000000,0.000311,0.002110,1.094059,20,0.013937,0.014833,-1.002615,0.000282,0.000844,0.002399,0.1859,0.3123,nan,nan,0.7963,-0.8476,2872596.000,2872976.000
289,2880.42,2026-10-08T16:27:38,0.139380,-0.202884,1.067242,0.000000,0.000565,0.002664,1.095260,20,0.013711,0.014666,-1.002709,0.000476,0.000201,0.000450,0.1774,0.2880,nan,nan,0.7833,-0.8379,2882596.000,2882976.000
290,2890.39,2026-10-08T16:27:48,0.139380,-0.202935,1.066409,0.000000,0.000338,0.002027,1.094457,20,0.013813,0.014790,-1.003059,0.000345,0.000601,0.000612,0.1961,0.3900,nan,nan,0.7889,-0.8448,2892576.000,2892956.000
291,2900.42,2026-10-08T16:27:58,0.139380,-0.202507,1.061865,0.000000,0.000712,0.000899,1.089951,20,0.013909,0.014546,-1.002961,0.000349,0.000557,0.002920,0.1736,0.3228,nan,nan,0.7944,-0.8309,2902596.000,2902976.000
292,2910.41,2026-10-08T16:28:08,0.139380,-0.202935,1.065500,0.000000,0.000338,0.001867,1.093571,20,0.013875,0.014710,-1.003154,0.000282,0.000601,0.003191,0.1457,0.2464,nan,nan,0.7923,-0.8401,2912576.000,2912956.000
293,2920.41,2026-10-08T16:28:18,0.139380,-0.202759,1.065222,0.000000,0.000683,0.002571,1.093268,20,0.013944,0.014678,-1.002959,0.000394,0.000512,0.003010,0.2188,0.4955,nan,nan,0.7965,-0.8384,2922596.000,2922976.000
294,2930.41,2026-10-08T16:28:28,0.139380,-0.202783,1.064515,0.000000,0.000476,0.002249,1.092584,20,0.013734,0.014909,-1.002759,0.000408,0.001128,0.007379,0.2278,0.3462,nan,nan,0.7846,-0.8518,2932588.000,2932976.000
295,2940.42,2026-10-08T16:28:38,0.139380,-0.203011,1.065197,0.000000,0.001182,0.001773,1.093290,20,0.013661,0.014709,-1.002560,0.000465,0.000427,0.001552,0.1787,0.2558,nan,nan,0.7806,-0.8406,2942588.000,2942968.000
296,2950.41,2026-10-08T16:28:48,0.139380,-0.202834,1.062445,0.000000,0.000617,0.001504,1.090577,20,0.013704,0.014748,-1.003091,0.000268,0.000544,0.001701,0.1778,0.2834,nan,nan,0.7826,-0.8423,2952588.000,2952968.000
297,2960.42,2026-10-08T16:28:58,0.139380,-0.202708,1.062924,0.000000,0.000739,0.002744,1.091021,20,0.013784,0.014771,-1.002911,0.000523,0.000404,0.000812,0.2174,0.3252,nan,nan,0.7874,-0.8438,2962588.000,2962968.000
298,2970.42,2026-10-08T16:29:08,0.139380,-0.200562,1.065298,0.000000,0.000620,0.001306,1.092937,20,0.013843,0.014567,-1.003021,0.000284,0.000474,0.001089,0.1649,0.2117,nan,nan,0.7906,-0.8321,2972596.000,2972976.000
299,2980.43,2026-10-08T16:29:18,0.139380,-0.200486,1.066459,0.000000,0.000676,0.001963,1.094055,20,0.013884,0.014744,-1.002989,0.000470,0.000364,0.000916,0.1932,0.3120,nan,nan,0.7930,-0.8422,2982596.000,2982976.000
300,2990.40,2026-10-08T16:29:28,0.139380,-0.200967,1.066055,0.000000,0.000706,0.001589,1.093749,20,0.013867,0.014663,-1.003044,0.000272,0.000548,0.001896,0.1770,0.3947,nan,nan,0.7920,-0.8375,2992576.000,2992956.000
301,3000.40,2026-10-08T16:29:38,0.139380,-0.201901,1.061207,0.000000,0.000795,0.001575,1.089197,20,0.013839,0.014902,-1.002822,0.000294,0.000354,0.000739,0.1996,0.3639,nan,nan,0.7905,-0.8514,3002576.000,3002956.000
302,3010.41,2026-10-08T16:29:48,0.139380,-0.201951,1.063909,0.000000,0.000783,0.001944,1.091839,20,0.013893,0.014743,-1.002698,0.000351,0.000664,0.000571,0.1834,0.3357,nan,nan,0.7937,-0.8424,3012584.000,3012976.000
303,3020.41,2026-10-08T16:29:58,0.139380,-0.202178,1.062016,0.000000,0.000929,0.002458,1.090037,20,0.013900,0.014941,-1.003135,0.000372,0.000472,0.002672,0.1735,0.3049,nan,nan,0.7938,-0.8533,3022576.000,3022956.000
304,3030.40,2026-10-08T16:30:08,0.139380,-0.201952,1.065399,0.000000,0.000953,0.001362,1.093291,20,0.013872,0.014775,-1.003072,0.000571,0.001327,0.013170,0.1872,0.3179,nan,nan,0.7923,-0.8439,3032576.000,3032956.000
305,3040.40,2026-10-08T16:30:18,0.139380,-0.202254,1.065146,0.000000,0.000826,0.001443,1.093101,20,0.013756,0.014621,-1.003071,0.000253,0.000778,0.001367,0.2159,0.4329,nan,nan,0.7856,-0.8351,3042576.000,3042956.000
306,3050.40,2026-10-08T16:30:28,0.139380,-0.202985,1.066409,0.000000,0.000416,0.001803,1.094466,20,0.013855,0.014405,-1.002759,0.000328,0.001028,0.002496,0.1725,0.3249,nan,nan,0.7915,-0.8230,3052576.000,3052956.000
307,3060.40,2026-10-08T16:30:38,0.139380,-0.202985,1.069515,0.000000,0.000478,0.003741,1.097494,20,0.013944,0.014640,-1.002917,0.000352,0.000852,0.001613,0.1595,0.3229,nan,nan,0.7964,-0.8363,3062576.000,3062956.000
308,3070.40,2026-10-08T16:30:48,0.139380,-0.203061,1.066787,0.000000,0.000541,0.002388,1.094850,20,0.013860,0.014768,-1.002755,0.000332,0.000517,0.001301,0.1903,0.2925,nan,nan,0.7918,-0.8438,3072584.000,3072964.000
309,3080.42,2026-10-08T16:30:58,0.139380,-0.202909,1.066712,0.000000,0.000532,0.002180,1.094748,20,0.013993,0.014679,-1.002818,0.000363,0.000627,0.001842,0.1957,0.3181,nan,nan,0.7993,-0.8386,3082584.000,3082964.000
310,3090.41,2026-10-08T16:31:08,0.139380,-0.202658,1.067671,0.000000,0.000714,0.001700,1.095636,20,0.013900,0.014886,-1.003282,0.000342,0.000810,0.002382,0.1945,0.3359,nan,nan,0.7937,-0.8501,3092572.000,3092960.000
311,3100.40,2026-10-08T16:31:18,0.139380,-0.202858,1.067343,0.000000,0.000494,0.002802,1.095354,20,0.013836,0.015060,-1.002880,0.000526,0.001681,0.002108,0.1642,0.2768,nan,nan,0.7904,-0.8604,3102568.000,3102948.000
312,3110.39,2026-10-08T16:31:28,0.139380,-0.202834,1.068328,0.000000,0.000598,0.001699,1.096308,20,0.013925,0.014736,-1.002937,0.000447,0.001405,0.001285,0.1988,0.3144,nan,nan,0.7954,-0.8418,3112568.000,3112948.000
313,3120.41,2026-10-08T16:31:38,0.139380,-0.202809,1.066964,0.000000,0.000702,0.002476,1.094976,20,0.014108,0.014888,-1.003109,0.000311,0.001002,0.002205,0.1829,0.3495,nan,nan,0.8057,-0.8503,3122572.000,3122952.000
314,3130.41,2026-10-08T16:31:48,0.139380,-0.202758,1.067570,0.000000,0.000666,0.002222,1.095556,20,0.013845,0.014648,-1.002908,0.000327,0.000533,0.001333,0.1923,0.2897,nan,nan,0.7908,-0.8368,3132572.000,3132952.000
315,3140.41,2026-10-08T16:31:58,0.139380,-0.202784,1.068226,0.000000,0.000759,0.001439,1.096201,20,0.013926,0.014741,-1.003157,0.000275,0.000476,0.001716,0.1773,0.3438,nan,nan,0.7953,-0.8418,3142572.000,3142952.000
316,3150.40,2026-10-08T16:32:08,0.139380,-0.202455,1.068429,0.000000,0.000748,0.001362,1.096337,20,0.013898,0.014805,-1.002962,0.000254,0.000823,0.000315,0.1907,0.2984,nan,nan,0.7938,-0.8457,3152572.000,3152952.000
317,3160.41,2026-10-08T16:32:18,0.139380,-0.202909,1.068429,0.000000,0.000780,0.001547,1.096421,20,0.013809,0.014802,-1.002793,0.000401,0.000961,0.001869,0.2044,0.3815,nan,nan,0.7888,-0.8457,3162572.000,3162952.000
318,3170.42,2026-10-08T16:32:28,0.139380,-0.202632,1.068126,0.000000,0.000609,0.001749,1.096074,20,0.013892,0.014682,-1.002947,0.000285,0.000632,0.001196,0.1711,0.2215,nan,nan,0.7934,-0.8387,3172580.000,3172968.000
319,3180.41,2026-10-08T16:32:38,0.139380,-0.202581,1.068075,0.000000,0.000640,0.001331,1.096016,20,0.014030,0.014819,-1.003185,0.000364,0.000407,0.001001,0.2029,0.3311,nan,nan,0.8012,-0.8463,3182564.000,3182944.000
320,3190.40,2026-10-08T16:32:48,0.139380,-0.202784,1.068075,0.000000,0.000553,0.001371,1.096053,20,0.013742,0.014613,-1.002888,0.000481,0.000475,0.001303,0.1566,0.2896,nan,nan,0.7850,-0.8348,3192564.000,3192944.000
321,3200.41,2026-10-08T16:32:58,0.139380,-0.202683,1.068378,0.000000,0.000754,0.001625,1.096330,20,0.013875,0.014860,-1.003129,0.000337,0.000644,0.000732,0.1634,0.3113,nan,nan,0.7924,-0.8487,3202564.000,3202944.000
322,3210.41,2026-10-08T16:33:08,0.139380,-0.202733,1.062445,0.000000,0.000577,0.000986,1.090559,20,0.013867,0.014731,-1.002939,0.000286,0.000416,0.001824,0.1653,0.2887,nan,nan,0.7921,-0.8415,3212564.000,3212944.000
323,3220.41,2026-10-08T16:33:18,0.139380,-0.202607,1.066661,0.000000,0.000724,0.001822,1.094642,20,0.013967,0.014861,-1.002763,0.000299,0.000784,0.001024,0.2053,0.3071,nan,nan,0.7979,-0.8491,3222564.000,3222944.000
324,3230.40,2026-10-08T16:33:28,0.139380,-0.202556,1.067924,0.000000,0.000588,0.001647,1.095863,20,0.014062,0.014585,-1.002722,0.000320,0.000488,0.001512,0.2403,0.3723,nan,nan,0.8034,-0.8333,3232564.000,3232944.000
325,3240.42,2026-10-08T16:33:38,0.139380,-0.202733,1.067166,0.000000,0.000664,0.001950,1.095158,20,0.013964,0.014858,-1.003147,0.000292,0.000461,0.000954,0.1605,0.2405,nan,nan,0.7974,-0.8486,3242572.000,3242952.000
326,3250.41,2026-10-08T16:33:48,0.139380,-0.202430,1.067469,0.000000,0.000699,0.001792,1.095397,20,0.013984,0.015010,-1.003196,0.000229,0.000532,0.000650,0.1810,0.2881,nan,nan,0.7985,-0.8572,3252564.000,3252952.000
327,3260.41,2026-10-08T16:33:58,0.139380,-0.202809,1.062874,0.000000,0.000501,0.000786,1.090991,20,0.014042,0.014874,-1.003240,0.000336,0.000399,0.000667,0.1807,0.3339,nan,nan,0.8018,-0.8494,3262560.000,3262940.000
328,3270.40,2026-10-08T16:34:08,0.139380,-0.202758,1.067368,0.000000,0.000666,0.001899,1.095359,20,0.014020,0.014901,-1.002963,0.000233,0.000754,0.001302,0.1710,0.3168,nan,nan,0.8008,-0.8512,3272560.000,3272940.000
329,3280.40,2026-10-08T16:34:18,0.139380,-0.202631,1.072065,0.000000,0.000783,0.000817,1.099913,20,0.014141,0.014666,-1.003065,0.000323,0.001264,0.000840,0.1817,0.3280,nan,nan,0.8076,-0.8377,3282560.000,3282940.000
330,3290.39,2026-10-08T16:34:28,0.139380,-0.200536,1.061891,0.000000,0.000750,0.000896,1.089611,20,0.013978,0.014938,-1.003076,0.000305,0.000764,0.001589,0.1988,0.3008,nan,nan,0.7983,-0.8532,3292560.000,3292940.000
331,3300.40,2026-10-08T16:34:38,0.139380,-0.200865,1.066055,0.000000,0.000802,0.001749,1.093731,20,0.013896,0.014733,-1.003121,0.000241,0.000798,0.000713,0.1672,0.2821,nan,nan,0.7936,-0.8415,3302560.000,3302940.000
332,3310.39,2026-10-08T16:34:48,0.139380,-0.200688,1.065903,0.000000,0.000704,0.002480,1.093551,20,0.013875,0.014842,-1.003316,0.000198,0.000452,0.000766,0.2065,0.3429,nan,nan,0.7922,-0.8475,3312560.000,3312940.000
333,3320.39,2026-10-08T16:34:58,0.139431,-0.200409,1.063026,0.000226,0.000551,0.001214,1.090702,20,0.013970,0.014667,-1.003121,0.000305,0.000491,0.001837,0.2132,0.2727,nan,nan,0.7978,-0.8377,3322560.000,3322940.000
334,3330.41,2026-10-08T16:35:08,0.139380,-0.200663,1.067065,0.000000,0.000739,0.002866,1.094678,20,0.013917,0.014764,-1.003079,0.000440,0.000619,0.001812,0.1760,0.3273,nan,nan,0.7948,-0.8433,3332568.000,3332952.000
335,3340.40,2026-10-08T16:35:18,0.139380,-0.202606,1.062950,0.000000,0.000604,0.000901,1.091026,20,0.013881,0.014906,-1.003149,0.000435,0.000426,0.002112,0.1888,0.3777,nan,nan,0.7927,-0.8513,3342564.000,3342944.000
336,3350.41,2026-10-08T16:35:28,0.139380,-0.202531,1.068202,0.000000,0.000793,0.002065,1.096129,20,0.013903,0.014863,-1.003182,0.000438,0.001280,0.004081,0.1854,0.2884,nan,nan,0.7939,-0.8489,3352564.000,3352944.000
337,3360.41,2026-10-08T16:35:38,0.139380,-0.202581,1.063379,0.000000,0.000550,0.000494,1.091439,20,0.014036,0.014897,-1.003284,0.000351,0.000721,0.001943,0.1869,0.3420,nan,nan,0.8014,-0.8507,3362568.000,3362948.000
338,3370.42,2026-10-08T16:35:48,0.139380,-0.202607,1.063354,0.000000,0.000645,0.000441,1.091420,20,0.014120,0.015267,-1.003286,0.001127,0.001686,0.009268,0.1826,0.3159,nan,nan,0.8062,-0.8718,3372568.000,3372948.000
339,3380.42,2026-10-08T16:35:58,0.139380,-0.202783,1.064237,0.000000,0.000476,0.002049,1.092313,20,0.013861,0.014455,-1.002995,0.000685,0.001402,0.000845,0.1737,0.2679,nan,nan,0.7917,-0.8257,3382568.000,3382948.000
340,3390.43,2026-10-08T16:36:08,0.139380,-0.202909,1.063278,0.000000,0.000452,0.000530,1.091402,20,0.013991,0.014771,-1.003380,0.000298,0.000761,0.004497,0.1828,0.3314,nan,nan,0.7988,-0.8434,3392568.000,3392948.000
341,3400.43,2026-10-08T16:36:18,0.139380,-0.202556,1.063303,0.000000,0.000767,0.000476,1.091361,20,0.013819,0.014724,-1.003066,0.000486,0.000881,0.001179,0.1666,0.3309,nan,nan,0.7892,-0.8410,3402568.000,3402948.000
342,3410.43,2026-10-08T16:36:28,0.139380,-0.202657,1.063379,0.000000,0.000821,0.000494,1.091453,20,0.013872,0.014789,-1.002950,0.000313,0.000403,0.000894,0.1730,0.2433,nan,nan,0.7924,-0.8448,3412572.000,3412960.000
343,3420.41,2026-10-08T16:36:38,0.139380,-0.202909,1.063783,0.000000,0.000558,0.001576,1.091894,20,0.013970,0.014711,-1.002846,0.000474,0.001085,0.002895,0.1934,0.3141,nan,nan,0.7980,-0.8405,3422564.000,3422944.000
344,3430.41,2026-10-08T16:36:48,0.139380,-0.202456,1.067797,0.000000,0.000710,0.002399,1.095722,20,0.014068,0.014916,-1.003000,0.000572,0.001502,0.008389,0.1929,0.3193,nan,nan,0.8035,-0.8520,3432564.000,3432944.000
345,3440.42,2026-10-08T16:36:58,0.139380,-0.202431,1.067772,0.000000,0.000735,0.001752,1.095693,20,0.013947,0.014845,-1.003043,0.000324,0.000831,0.001159,0.1827,0.2994,nan,nan,0.7966,-0.8479,3442564.000,3442944.000
346,3450.42,2026-10-08T16:37:08,0.139380,-0.202507,1.063076,0.000000,0.000865,0.001909,1.091131,20,0.013711,0.014657,-1.002938,0.000356,0.000683,0.002081,0.2430,0.4205,nan,nan,0.7832,-0.8373,3452564.000,3452944.000
347,3460.40,2026-10-08T16:37:18,0.139329,-0.202783,1.061890,0.000226,0.000578,0.000911,1.090020,20,0.013866,0.014821,-1.002941,0.000384,0.001290,0.003849,0.1961,0.3365,nan,nan,0.7920,-0.8466,3462564.000,3462944.000
348,3470.40,2026-10-08T16:37:28,0.139380,-0.202607,1.062874,0.000000,0.000645,0.001581,1.090953,20,0.013999,0.014725,-1.003364,0.000412,0.000531,0.004375,0.1971,0.3231,nan,nan,0.7992,-0.8408,3472564.000,3472944.000
349,3480.39,2026-10-08T16:37:38,0.139380,-0.202808,1.065802,0.000000,0.000414,0.001791,1.093843,20,0.013958,0.015021,-1.003068,0.000317,0.000651,0.001119,0.1787,0.3176,nan,nan,0.7971,-0.8580,3482544.000,3482924.000
350,3490.39,2026-10-08T16:37:48,0.139380,-0.202531,1.066055,0.000000,0.000555,0.001447,1.094038,20,0.013878,0.014670,-1.002811,0.000280,0.001136,0.004661,0.1762,0.3510,nan,nan,0.7928,-0.8381,3492548.000,3492936.000
351,3500.40,2026-10-08T16:37:58,0.139380,-0.202607,1.066914,0.000000,0.000645,0.001773,1.094888,20,0.013788,0.014564,-1.003069,0.000483,0.001585,0.001621,0.1854,0.2748,nan,nan,0.7874,-0.8318,3502556.000,3502936.000
352,3510.41,2026-10-08T16:38:08,0.139380,-0.202733,1.062243,0.000000,0.000577,0.001242,1.090362,20,0.013933,0.014980,-1.003179,0.000309,0.000998,0.006216,0.2487,0.4044,nan,nan,0.7956,-0.8555,3512556.000,3512936.000
353,3520.41,2026-10-08T16:38:18,0.139380,-0.202732,1.062825,0.000000,0.000504,0.003504,1.090928,20,0.014002,0.014471,-1.003261,0.000285,0.000755,0.003740,0.2016,0.3384,nan,nan,0.7995,-0.8263,3522556.000,3522936.000
354,3530.40,2026-10-08T16:38:28,0.139380,-0.202682,1.068277,0.000000,0.000525,0.002075,1.096231,20,0.013871,0.014807,-1.003073,0.000266,0.000527,0.002314,0.1762,0.2790,nan,nan,0.7922,-0.8457,3532548.000,3532928.000
355,3540.40,2026-10-08T16:38:38,0.139380,-0.202480,1.062800,0.000000,0.000794,0.001783,1.090856,20,0.013970,0.014563,-1.003128,0.000536,0.000582,0.003277,0.1708,0.3359,nan,nan,0.7978,-0.8317,3542548.000,3542928.000
356,3550.41,2026-10-08T16:38:48,0.139380,-0.202431,1.066358,0.000000,0.000885,0.002062,1.094315,20,0.013828,0.014767,-1.003177,0.000964,0.001167,0.002810,0.1792,0.2827,nan,nan,0.7896,-0.8434,3552548.000,3552928.000
357,3560.41,2026-10-08T16:38:58,0.139380,-0.202833,1.066560,0.000000,0.000441,0.002474,1.094586,20,0.014006,0.014667,-1.003096,0.000271,0.000307,0.000423,0.1882,0.3304,nan,nan,0.7999,-0.8377,3562548.000,3562928.000
358,3570.41,2026-10-08T16:39:08,0.139380,-0.202657,1.067217,0.000000,0.000656,0.001946,1.095193,20,0.014045,0.014796,-1.002861,0.000417,0.000567,0.001206,0.2191,0.3675,nan,nan,0.8023,-0.8453,3572560.000,3572948.000
359,3580.42,2026-10-08T16:39:18,0.139380,-0.202732,1.068126,0.000000,0.000504,0.001896,1.096093,20,0.013921,0.014476,-1.003111,0.000355,0.000444,0.001476,0.1939,0.3244,nan,nan,0.7950,-0.8268,3582556.000,3582936.000
360,3590.41,2026-10-08T16:39:28,0.139380,-0.202455,1.066105,0.000000,0.000896,0.001718,1.094073,20,0.013902,0.014730,-1.003085,0.000426,0.000678,0.000860,0.2155,0.4010,nan,nan,0.7939,-0.8413,3592556.000,3592936.000
361,3600.41,2026-10-08T16:39:38,0.139380,-0.202657,1.070323,0.000000,0.000656,0.002493,1.098221,20,0.013895,0.014746,-1.002869,0.000434,0.000517,0.000790,0.1739,0.2419,nan,nan,0.7937,-0.8424,3602556.000,3602936.000
