idx,x_mm,y_mm,z_mm,Bx_G,By_G,Bz_G,Bx_std_G,By_std_G,Bz_std_G,err,t_s,n_samples,deg1,deg2,deg3,sent_x_mm,sent_y_mm,sent_z_mm,ax_g,ay_g,az_g,ax_std_g,ay_std_g,az_std_g,gyro_rms_dps,gyro_max_dps,settle_s,settled,pitch_deg,roll_deg,acc_pitch_deg,acc_roll_deg,spatial_t_first_ms,spatial_t_last_ms
1,-50.00,-150.00,-700.00,0.010606,-0.167964,0.660187,0.000714,0.000889,0.000635,0,26.54,20,43.830,35.520,16.790,-59.65,-169.69,-694.24,0.056187,0.020854,-1.003679,0.008938,0.004739,0.006860,0.4715,0.7583,5.00,-1,nan,nan,3.2034,-1.1903,99296.000,99684.000
2,-25.00,-150.00,-700.00,0.008032,-0.169352,0.666095,0.000609,0.000525,0.001780,0,37.57,20,41.300,37.140,16.290,-29.82,-169.55,-694.88,0.056307,0.022379,-1.004753,0.004107,0.004663,0.005184,0.3142,0.5416,5.00,-1,nan,nan,3.2067,-1.2759,110324.000,110708.000
3,0.00,-150.00,-700.00,0.008964,-0.170211,0.668923,0.000610,0.000778,0.001273,0,48.60,20,39.070,39.070,16.120,0.00,-169.50,-695.09,0.051097,0.026335,-1.003369,0.002955,0.002608,0.006334,0.2619,0.4847,5.00,-1,nan,nan,2.9143,-1.5034,121348.000,121728.000
4,25.00,-150.00,-700.00,0.010430,-0.173899,0.667812,0.000681,0.000960,0.001487,0,59.59,20,37.140,41.300,16.290,29.82,-169.55,-694.88,0.047508,0.030434,-1.003308,0.005253,0.004088,0.005251,0.4175,0.6655,5.00,-1,nan,nan,2.7098,-1.7375,132348.000,132728.000
5,50.00,-150.00,-700.00,0.015099,-0.177358,0.669529,0.000226,0.000687,0.000452,0,70.55,20,35.520,43.830,16.790,59.65,-169.69,-694.24,0.038644,0.035986,-1.003842,0.004398,0.003360,0.005327,0.3481,0.5482,5.00,-1,nan,nan,2.2032,-2.0531,143308.000,143688.000
6,50.00,-125.00,-700.00,0.015175,-0.175740,0.667610,0.000418,0.000000,0.001351,0,81.45,20,32.320,40.910,17.570,60.51,-142.12,-695.56,0.035090,0.031184,-1.003361,0.002936,0.004981,0.007055,0.3362,0.5544,5.00,-1,nan,nan,2.0020,-1.7802,154208.000,154588.000
7,25.00,-125.00,-700.00,0.011591,-0.176675,0.663469,0.000622,0.001090,0.000796,0,92.53,20,34.000,38.310,17.060,30.25,-141.94,-696.25,0.043400,0.031709,-1.004749,0.004867,0.003545,0.006112,0.3731,0.7085,5.00,-1,nan,nan,2.4721,-1.8076,165288.000,165668.000
8,0.00,-125.00,-700.00,0.008737,-0.175690,0.663116,0.000656,0.000587,0.000817,0,103.57,20,36.000,36.000,16.900,0.00,-141.88,-696.48,0.050910,0.029190,-1.004337,0.004585,0.003114,0.006592,0.3084,0.4685,5.00,-1,nan,nan,2.9006,-1.6648,176328.000,176708.000
9,-25.00,-125.00,-700.00,0.006110,-0.172054,0.662940,0.000398,0.001037,0.000692,0,114.59,20,38.310,34.000,17.060,-30.25,-141.94,-696.25,0.057613,0.021358,-1.004069,0.014589,0.014944,0.006515,0.8263,1.5475,5.00,-1,nan,nan,3.2833,-1.2186,187348.000,187732.000
10,-50.00,-125.00,-700.00,0.009925,-0.169554,0.662864,0.000873,0.000396,0.000774,0,125.61,20,40.910,32.320,17.570,-60.51,-142.12,-695.56,0.052439,0.018246,-1.003570,0.003376,0.001990,0.005531,0.2439,0.4893,5.00,-1,nan,nan,2.9906,-1.0416,198360.000,198740.000
11,-50.00,-100.00,-700.00,0.006212,-0.167029,0.669276,0.000593,0.000632,0.000884,0,136.55,20,38.320,29.480,18.680,-61.13,-114.24,-696.72,0.054346,0.006859,-1.003924,0.004737,0.002602,0.004449,0.2546,0.3630,5.00,-1,nan,nan,3.0985,-0.3914,209300.000,209680.000
12,-25.00,-100.00,-700.00,0.008762,-0.169049,0.662713,0.000619,0.000910,0.000614,0,147.67,20,35.650,31.230,18.180,-30.56,-114.02,-697.45,0.048246,0.014593,-1.002794,0.004653,0.003743,0.006579,0.3106,0.4718,5.00,-1,nan,nan,2.7541,-0.8337,220420.000,220800.000
13,0.00,-100.00,-700.00,0.011566,-0.171827,0.662889,0.000730,0.000817,0.000823,0,158.77,20,33.290,33.290,18.010,0.00,-113.95,-697.69,0.043016,0.019461,-1.003446,0.003193,0.002700,0.008758,0.2306,0.4107,5.00,-1,nan,nan,2.4542,-1.1111,231520.000,231900.000
14,25.00,-100.00,-700.00,0.013005,-0.173494,0.669024,0.000802,0.000706,0.001106,0,169.84,20,31.230,35.650,18.180,30.56,-114.02,-697.45,0.038705,0.023835,-1.004190,0.003797,0.003781,0.006273,0.3341,0.5454,5.00,-1,nan,nan,2.2067,-1.3597,242592.000,242972.000
15,50.00,-100.00,-700.00,0.015175,-0.177359,0.668115,0.000531,0.000743,0.001371,0,180.87,20,29.480,38.320,18.680,61.13,-114.24,-696.72,0.031857,0.030287,-1.004053,0.003424,0.004270,0.004807,0.3335,0.5397,5.00,-1,nan,nan,1.8165,-1.7278,253632.000,254012.000
16,50.00,-75.00,-700.00,0.015175,-0.176247,0.667307,0.000418,0.000716,0.001827,0,191.82,20,27.000,36.020,20.110,61.52,-86.09,-697.67,0.029770,0.028360,-1.003931,0.003165,0.003665,0.008523,0.4411,0.7780,5.00,-1,nan,nan,1.6978,-1.6181,264568.000,264956.000
17,25.00,-75.00,-700.00,0.013964,-0.176247,0.665034,0.001040,0.000788,0.001718,0,202.93,20,28.790,33.310,19.620,30.77,-85.84,-698.42,0.033078,0.024807,-1.003680,0.002263,0.001979,0.004423,0.2382,0.3666,5.00,-1,nan,nan,1.8871,-1.4158,275684.000,276064.000
18,0.00,-75.00,-700.00,0.010153,-0.174100,0.664025,0.000591,0.000911,0.000954,0,214.04,20,30.900,30.900,19.450,-0.00,-85.76,-698.67,0.042562,0.020937,-1.002511,0.002771,0.003740,0.004765,0.3074,0.5342,5.00,-1,nan,nan,2.4305,-1.1964,286788.000,287168.000
19,-25.00,-75.00,-700.00,0.008662,-0.171121,0.667332,0.000699,0.000916,0.003019,0,225.12,20,33.310,28.790,19.620,-30.77,-85.84,-698.42,0.048305,0.014971,-1.002686,0.005893,0.003098,0.004770,0.2663,0.4061,5.00,-1,nan,nan,2.7578,-0.8554,297868.000,298248.000
20,-50.00,-75.00,-700.00,0.007653,-0.169503,0.663671,0.000597,0.000441,0.000452,0,236.15,20,36.020,27.000,20.110,-61.52,-86.09,-697.67,0.049573,0.009154,-1.002595,0.003313,0.003599,0.004125,0.2641,0.4995,5.00,-1,nan,nan,2.8306,-0.5231,308908.000,309288.000
21,-50.00,-50.00,-700.00,0.009419,-0.167635,0.663444,0.000599,0.001056,0.000895,0,247.07,20,34.030,24.860,21.870,-61.70,-57.72,-698.39,0.042169,0.004525,-1.003710,0.006201,0.002043,0.008958,0.2842,0.5000,5.00,-1,nan,nan,2.4057,-0.2583,319828.000,320208.000
22,-25.00,-50.00,-700.00,0.009849,-0.170160,0.663267,0.000743,0.000844,0.000809,0,258.20,20,31.280,26.690,21.380,-30.86,-57.44,-699.14,0.040348,0.010103,-1.003351,0.002866,0.003979,0.008542,0.2508,0.4254,5.00,-1,nan,nan,2.3027,-0.5769,330948.000,331328.000
23,0.00,-50.00,-700.00,0.013208,-0.172609,0.663974,0.000775,0.000452,0.001005,0,269.31,20,28.830,28.830,21.210,0.00,-57.35,-699.40,0.032661,0.014464,-1.003192,0.002341,0.002373,0.006987,0.2162,0.3364,5.00,-1,nan,nan,1.8646,-0.8261,342068.000,342448.000
24,25.00,-50.00,-700.00,0.015327,-0.175665,0.663798,0.000551,0.000338,0.000742,0,280.41,20,26.690,31.280,21.380,30.86,-57.44,-699.14,0.029795,0.020930,-1.003385,0.002519,0.002262,0.004341,0.1867,0.3223,5.00,-1,nan,nan,1.7005,-1.1950,353156.000,353552.000
25,50.00,-50.00,-700.00,0.016819,-0.178418,0.663923,0.000752,0.000635,0.000884,0,291.46,20,24.860,34.030,21.870,61.70,-57.72,-698.39,0.026132,0.025759,-1.003982,0.002218,0.002873,0.006301,0.2785,0.5166,5.00,-1,nan,nan,1.4905,-1.4697,364204.000,364584.000
26,50.00,-25.00,-700.00,0.016490,-0.181447,0.668165,0.000756,0.000569,0.001749,0,302.41,20,23.070,32.340,23.940,61.67,-29.16,-698.85,0.023109,0.027569,-1.003262,0.002797,0.003205,0.006856,0.2587,0.4647,5.00,-1,nan,nan,1.3190,-1.5741,375144.000,375524.000
27,25.00,-25.00,-700.00,0.013839,-0.178846,0.661425,0.000825,0.000340,0.000982,0,313.54,20,24.920,29.560,23.450,30.85,-28.85,-699.60,0.027769,0.023542,-1.003478,0.005956,0.005561,0.006607,0.3477,0.5826,5.01,-1,nan,nan,1.5847,-1.3439,386284.000,386664.000
28,0.00,-25.00,-700.00,0.012728,-0.175740,0.661526,0.000764,0.000328,0.000934,0,324.64,20,27.090,27.090,23.290,0.00,-28.76,-699.85,0.034135,0.015626,-1.004115,0.007787,0.005118,0.008325,0.3926,0.6725,5.00,-1,nan,nan,1.9468,-0.8916,397384.000,397764.000
29,-25.00,-25.00,-700.00,0.011843,-0.173620,0.665590,0.000758,0.000892,0.001638,0,335.71,20,29.560,24.920,23.450,-30.85,-28.85,-699.60,0.034768,0.011442,-1.003243,0.005818,0.004664,0.009706,0.3225,0.5167,5.00,-1,nan,nan,1.9847,-0.6534,408464.000,408844.000
30,-50.00,-25.00,-700.00,0.011036,-0.172205,0.661451,0.000789,0.000819,0.000745,0,346.76,20,32.340,23.070,23.940,-61.67,-29.16,-698.85,0.040383,0.006108,-1.002290,0.004604,0.002327,0.010227,0.2910,0.5261,5.01,-1,nan,nan,2.3072,-0.3492,419504.000,419884.000
31,-50.00,0.00,-700.00,0.014218,-0.169806,0.661804,0.000839,0.000398,0.000990,0,357.70,20,30.950,21.620,26.310,-61.43,-0.43,-699.03,0.028752,0.000038,-1.004180,0.007140,0.004491,0.005122,0.3595,0.5192,5.01,-1,nan,nan,1.6400,-0.0022,430440.000,430824.000
32,-25.00,0.00,-700.00,0.016263,-0.172584,0.661349,0.000669,0.000396,0.000826,0,368.81,20,28.150,23.480,25.830,-30.73,-0.11,-699.76,0.025438,0.006220,-1.003667,0.002875,0.008698,0.004605,0.4125,0.8171,5.01,-1,nan,nan,1.4519,-0.3551,441556.000,441940.000
33,0.00,0.00,-700.00,0.017273,-0.175538,0.665135,0.000811,0.000501,0.001408,0,379.91,20,25.660,25.660,25.660,-0.00,0.00,-700.00,0.022115,0.011417,-1.004390,0.004203,0.005646,0.006291,0.2366,0.4242,5.00,-1,nan,nan,1.2612,-0.6513,452648.000,453028.000
34,25.00,0.00,-700.00,0.015783,-0.178922,0.661197,0.000733,0.000370,0.001352,0,391.00,20,23.480,28.150,25.830,30.73,-0.11,-699.76,0.023069,0.019328,-1.003116,0.003844,0.005503,0.012928,0.3345,0.5503,5.01,-1,nan,nan,1.3172,-1.1038,463728.000,464108.000
35,50.00,0.00,-700.00,0.021059,-0.181472,0.661803,0.000465,0.000619,0.001414,0,402.04,20,21.620,30.950,26.310,61.43,-0.43,-699.03,0.013812,0.022752,-1.003008,0.006427,0.004769,0.008072,0.3484,0.6696,5.00,-1,nan,nan,0.7887,-1.2994,474788.000,475168.000
36,50.00,25.00,-700.00,0.019343,-0.182382,0.661677,0.000679,0.000841,0.001670,0,412.97,20,20.510,29.860,28.990,60.96,28.45,-698.93,0.014711,0.021915,-1.003119,0.003876,0.007034,0.003966,0.3244,0.6077,5.00,-1,nan,nan,0.8400,-1.2515,485708.000,486088.000
37,25.00,25.00,-700.00,0.016035,-0.180741,0.661071,0.000654,0.000910,0.002022,0,424.07,20,22.370,27.050,28.500,30.50,28.78,-699.61,0.018749,0.017288,-1.003748,0.003444,0.003017,0.007273,0.2833,0.4391,5.00,-1,nan,nan,1.0699,-0.9867,496812.000,497192.000
38,0.00,25.00,-700.00,0.014570,-0.180564,0.660415,0.000699,0.001198,0.001874,0,435.18,20,24.560,24.560,28.340,0.00,28.89,-699.84,0.024684,0.017596,-1.002738,0.005366,0.021186,0.006662,0.9560,1.6018,5.01,-1,nan,nan,1.4099,-1.0053,507912.000,508292.000
39,-25.00,25.00,-700.00,0.019444,-0.175059,0.664732,0.000795,0.000823,0.001401,0,446.24,20,27.050,22.370,28.500,-30.50,28.78,-699.61,0.013192,0.005713,-1.003785,0.015094,0.004771,0.008325,0.5942,0.9036,5.01,-1,nan,nan,0.7529,-0.3261,518984.000,519368.000
40,-50.00,25.00,-700.00,0.016137,-0.172887,0.663216,0.000795,0.000443,0.001238,0,457.26,20,29.860,20.510,28.990,-60.96,28.45,-698.93,0.025722,0.001323,-1.002833,0.002053,0.003104,0.009250,0.2539,0.3815,5.00,-1,nan,nan,1.4693,-0.0756,529996.000,530376.000
41,-50.00,50.00,-700.00,0.016313,-0.173646,0.663115,0.000838,0.000888,0.001110,0,468.17,20,29.070,19.730,31.960,-60.29,57.46,-698.51,0.021861,-0.001423,-1.003058,0.003556,0.004085,0.005411,0.3258,0.5670,5.00,-1,nan,nan,1.2486,0.0813,540916.000,541296.000
42,-25.00,50.00,-700.00,0.021210,-0.175816,0.660944,0.000000,0.000472,0.001154,0,479.23,20,26.270,21.600,31.480,-30.16,57.80,-699.15,0.012113,0.002779,-1.003548,0.002830,0.004513,0.006201,0.3092,0.4893,5.00,-1,nan,nan,0.6915,-0.1587,551976.000,552356.000
43,0.00,50.00,-700.00,0.018383,-0.178820,0.662106,0.000504,0.000226,0.001289,0,490.27,20,23.780,23.780,31.320,-0.00,57.92,-699.36,0.015128,0.008431,-1.004148,0.003490,0.003076,0.004846,0.2785,0.4147,5.01,-1,nan,nan,0.8631,-0.4811,563016.000,563396.000
44,25.00,50.00,-700.00,0.021210,-0.181775,0.662762,0.000000,0.000478,0.001487,0,501.30,20,21.600,26.270,31.480,30.16,57.80,-699.15,0.007698,0.014559,-1.002003,0.006894,0.002406,0.006043,0.3236,0.5345,5.00,-1,nan,nan,0.4402,-0.8325,574036.000,574416.000
45,50.00,50.00,-700.00,0.021210,-0.184049,0.660994,0.000000,0.000842,0.001749,0,512.33,20,19.730,29.070,31.960,60.29,57.46,-698.51,0.008562,0.020776,-1.002466,0.003243,0.005027,0.012245,0.3129,0.5277,5.01,-1,nan,nan,0.4892,-1.1873,585056.000,585436.000
46,50.00,75.00,-700.00,0.021210,-0.186498,0.658268,0.000000,0.000837,0.001081,0,523.27,20,19.310,28.600,35.230,59.38,86.62,-697.78,0.004285,0.022152,-1.001612,0.003693,0.003638,0.011448,0.2946,0.5532,5.01,-1,nan,nan,0.2450,-1.2670,595992.000,596380.000
47,25.00,75.00,-700.00,0.021210,-0.184301,0.658572,0.000000,0.000683,0.000982,0,534.31,20,21.150,25.800,34.740,29.71,86.95,-698.34,0.007559,0.015763,-1.003545,0.004509,0.006069,0.006110,0.3044,0.4851,5.00,-1,nan,nan,0.4315,-0.8999,607032.000,607412.000
48,0.00,75.00,-700.00,0.020479,-0.182837,0.658924,0.000643,0.000905,0.001516,0,545.31,20,23.320,23.320,34.580,0.00,87.06,-698.53,0.010880,0.012151,-1.004154,0.003574,0.007041,0.006719,0.3723,0.6618,5.00,-1,nan,nan,0.6208,-0.6933,618060.000,618440.000
49,-25.00,75.00,-700.00,0.021286,-0.179680,0.661702,0.000340,0.000892,0.002054,0,556.30,20,25.800,21.150,34.740,-29.71,86.95,-698.34,0.008143,0.004102,-1.002715,0.002626,0.005920,0.006669,0.3272,0.6931,5.00,-1,nan,nan,0.4653,-0.2344,629032.000,629412.000
50,-50.00,75.00,-700.00,0.019266,-0.176119,0.662408,0.001001,0.000541,0.001547,0,567.28,20,28.600,19.310,35.230,-59.38,86.62,-697.78,0.015226,-0.001236,-1.003439,0.002894,0.004931,0.007160,0.3553,0.5803,5.01,-1,nan,nan,0.8694,0.0706,640012.000,640392.000
51,-50.00,100.00,-700.00,0.019672,-0.176372,0.659934,0.000777,0.000896,0.001977,0,578.17,20,28.450,19.220,38.780,-58.26,115.93,-696.69,0.012446,-0.005442,-1.003635,0.004582,0.004237,0.004823,0.2600,0.6055,5.01,-1,nan,nan,0.7105,0.3106,650912.000,651292.000
52,-25.00,100.00,-700.00,0.022120,-0.179882,0.659026,0.001005,0.000892,0.001226,0,589.15,20,25.660,21.050,38.290,-29.15,116.24,-697.17,0.002298,0.000826,-1.003115,0.006503,0.003264,0.007134,0.3231,0.5164,5.00,-1,nan,nan,0.1313,-0.0472,661872.000,662252.000
53,0.00,100.00,-700.00,0.021210,-0.181850,0.657712,0.000000,0.000226,0.000622,0,600.12,20,23.190,23.190,38.120,-0.00,116.34,-697.33,0.004056,0.006412,-1.002867,0.003227,0.003810,0.003172,0.2892,0.5757,5.01,-1,nan,nan,0.2317,-0.3664,672852.000,673232.000
54,25.00,100.00,-700.00,0.023156,-0.184426,0.657712,0.000807,0.000667,0.000622,0,611.05,20,21.050,25.660,38.290,29.15,116.24,-697.17,0.001047,0.008769,-1.003746,0.003861,0.005317,0.006246,0.3159,0.6292,5.00,-1,nan,nan,0.0598,-0.5005,683788.000,684176.000
55,50.00,100.00,-700.00,0.021210,-0.187810,0.657384,0.000000,0.000226,0.000396,0,621.99,20,19.220,28.450,38.780,58.26,115.93,-696.69,0.001515,0.017827,-1.002142,0.006289,0.002306,0.006216,0.3245,0.4804,5.01,-1,nan,nan,0.0866,-1.0191,694712.000,695092.000
56,50.00,125.00,-700.00,0.023659,-0.187860,0.656501,0.000640,0.000000,0.000897,0,632.89,20,19.500,28.620,42.610,56.90,145.43,-695.22,-0.004879,0.015824,-1.002131,0.006242,0.003026,0.009153,0.2605,0.5303,5.00,-1,nan,nan,-0.2789,-0.9047,705632.000,706012.000
57,25.00,125.00,-700.00,0.022423,-0.185386,0.657283,0.000975,0.000881,0.000476,0,643.81,20,21.290,25.850,42.120,28.47,145.70,-695.61,-0.004562,0.011262,-1.002204,0.006260,0.006816,0.008347,0.3990,0.6540,5.00,-1,nan,nan,-0.2608,-0.6438,716552.000,716932.000
58,0.00,125.00,-700.00,0.021109,-0.184956,0.660414,0.000311,0.000398,0.000396,0,654.73,20,23.410,23.410,41.950,-0.00,145.79,-695.75,0.003814,0.007134,-1.003143,0.003564,0.003129,0.003748,0.2178,0.4007,5.01,-1,nan,nan,0.2178,-0.4075,727452.000,727832.000
59,-25.00,125.00,-700.00,0.022979,-0.184452,0.658015,0.000723,0.000609,0.001447,0,665.61,20,25.850,21.290,42.120,-28.47,145.70,-695.61,-0.000594,0.003427,-1.002731,0.005464,0.004983,0.002978,0.3036,0.5540,5.00,-1,nan,nan,-0.0339,-0.1958,738352.000,738732.000
60,-50.00,125.00,-700.00,0.021210,-0.178291,0.661197,0.000000,0.000622,0.000789,0,676.48,20,28.620,19.500,42.610,-56.90,145.43,-695.22,0.006335,-0.007798,-1.002684,0.006410,0.003467,0.006098,0.3378,0.5283,5.00,-1,nan,nan,0.3620,0.4456,749220.000,749600.000
61,-50.00,150.00,-700.00,0.022499,-0.179098,0.660843,0.000760,0.000526,0.000740,0,687.39,20,29.140,20.130,46.730,-55.32,175.17,-693.31,-0.000421,-0.009339,-1.002488,0.004713,0.005888,0.009076,0.4031,0.6638,5.00,-1,nan,nan,-0.0241,0.5337,760116.000,760504.000
62,-25.00,150.00,-700.00,0.025655,-0.186876,0.657536,0.001130,0.000889,0.000578,0,698.27,20,26.400,21.890,46.230,-27.68,175.37,-693.62,-0.004552,0.002308,-1.002879,0.015214,0.005742,0.003630,0.5877,0.8385,5.01,-1,nan,nan,-0.2601,-0.1319,770976.000,771368.000
63,0.00,150.00,-700.00,0.026464,-0.187607,0.657359,0.001139,0.000556,0.000465,0,709.12,20,23.980,23.980,46.060,0.00,175.44,-693.72,-0.005094,0.004439,-1.003185,0.009654,0.007097,0.006790,0.5310,0.9040,5.00,-1,nan,nan,-0.2909,-0.2535,781840.000,782220.000
64,25.00,150.00,-700.00,0.029165,-0.187784,0.657359,0.001060,0.000338,0.000465,0,719.96,20,21.890,26.400,46.230,27.68,175.37,-693.62,-0.016886,0.008707,-1.002651,0.021568,0.007283,0.005546,0.8927,1.4088,5.00,-1,nan,nan,-0.9648,-0.4976,792680.000,793060.000
65,50.00,150.00,-700.00,0.027372,-0.187860,0.656122,0.001327,0.000000,0.001134,0,730.77,20,20.130,29.140,46.730,55.32,175.17,-693.31,-0.014290,0.013787,-1.002401,0.018476,0.006420,0.005910,0.8689,1.7789,5.00,-1,nan,nan,-0.8166,-0.7880,803500.000,803880.000
66,-50.00,-150.00,-666.67,0.009318,-0.175740,0.669504,0.000623,0.000328,0.000731,0,774.40,20,33.800,25.100,5.880,-58.05,-168.50,-661.26,0.061610,0.020622,-1.001670,0.003801,0.003339,0.007170,0.3042,0.5107,5.00,-1,nan,nan,3.5190,-1.1794,847132.000,847512.000
67,-25.00,-150.00,-666.67,0.008031,-0.171121,0.671273,0.000849,0.000773,0.000766,0,785.37,20,31.180,26.820,5.390,-29.02,-168.44,-661.77,0.058145,0.014567,-1.001822,0.003635,0.003079,0.004530,0.3349,0.5953,5.00,-1,nan,nan,3.3214,-0.8331,858096.000,858476.000
68,0.00,-150.00,-666.67,0.009394,-0.172862,0.671802,0.000644,0.000370,0.000852,0,796.33,20,28.850,28.850,5.230,0.00,-168.42,-661.94,0.053507,0.018939,-1.001548,0.002899,0.002103,0.003289,0.2853,0.5394,5.01,-1,nan,nan,3.0575,-1.0833,869056.000,869436.000
69,25.00,-150.00,-666.67,0.014394,-0.176246,0.672484,0.000759,0.000657,0.000441,0,807.25,20,26.820,31.180,5.390,29.02,-168.44,-661.77,0.046471,0.024931,-1.002165,0.011880,0.005657,0.006538,0.5125,0.8417,5.00,-1,nan,nan,2.6541,-1.4251,879976.000,880356.000
70,50.00,-150.00,-666.67,0.013914,-0.179605,0.672508,0.000793,0.000825,0.000370,0,818.17,20,25.100,33.800,5.880,58.05,-168.50,-661.26,0.044623,0.030101,-1.001451,0.003391,0.004419,0.007648,0.3277,0.5831,5.00,-1,nan,nan,2.5502,-1.7216,890888.000,891268.000
71,50.00,-125.00,-666.67,0.014167,-0.181800,0.672156,0.000975,0.000000,0.000731,0,829.10,20,21.900,30.870,6.730,58.93,-140.94,-662.55,0.040735,0.030582,-1.002603,0.002647,0.004117,0.007437,0.3438,0.5180,5.00,-1,nan,nan,2.3255,-1.7471,901808.000,902188.000
72,25.00,-125.00,-666.67,0.009369,-0.181598,0.670211,0.000580,0.000501,0.000720,0,840.12,20,23.690,28.180,6.240,29.46,-140.86,-663.12,0.051416,0.029641,-1.001654,0.005059,0.002657,0.007769,0.3070,0.5169,5.01,-1,nan,nan,2.9372,-1.6950,912848.000,913228.000
73,0.00,-125.00,-666.67,0.008359,-0.178820,0.669781,0.000858,0.000226,0.000370,0,851.13,20,25.790,25.790,6.080,0.00,-140.83,-663.31,0.055553,0.025132,-1.002833,0.003508,0.003219,0.011206,0.2701,0.4022,5.00,-1,nan,nan,3.1697,-1.4356,923832.000,924212.000
74,-25.00,-125.00,-666.67,0.010101,-0.176372,0.670035,0.000752,0.000834,0.000649,0,862.09,20,28.180,23.690,6.240,-29.46,-140.86,-663.12,0.053395,0.020090,-1.001596,0.003142,0.003200,0.010783,0.2796,0.6210,5.00,-1,nan,nan,3.0510,-1.1491,934812.000,935192.000
75,-50.00,-125.00,-666.67,0.011414,-0.173772,0.669959,0.000857,0.001086,0.000599,0,873.03,20,30.870,21.900,6.730,-58.93,-140.94,-662.55,0.054675,0.015760,-1.002068,0.001757,0.003431,0.009539,0.2944,0.5108,5.00,-1,nan,nan,3.1227,-0.9010,945752.000,946132.000
76,-50.00,-100.00,-666.67,0.010127,-0.169680,0.671450,0.000905,0.000000,0.000918,0,883.94,20,28.250,19.050,7.920,-59.60,-113.13,-663.66,0.049987,0.004764,-1.003135,0.003825,0.004640,0.007644,0.3287,0.5669,5.00,-1,nan,nan,2.8527,-0.2721,956652.000,957032.000
77,-25.00,-100.00,-666.67,0.009217,-0.172988,0.670566,0.000611,0.000760,0.000888,0,894.99,20,25.490,20.890,7.430,-29.80,-113.03,-664.27,0.051650,0.011464,-1.002649,0.005416,0.002733,0.007103,0.3360,0.5502,5.01,-1,nan,nan,2.9487,-0.6551,967712.000,968092.000
78,0.00,-100.00,-666.67,nan,nan,nan,nan,nan,nan,0,908.63,0,23.040,23.040,7.270,0.00,-112.99,-664.48,nan,nan,nan,nan,nan,nan,nan,nan,5.00,-1,nan,nan,nan,nan,nan,nan
79,25.00,-100.00,-666.67,nan,nan,nan,nan,nan,nan,0,933.84,0,20.890,25.490,7.430,29.80,-113.03,-664.27,nan,nan,nan,nan,nan,nan,nan,nan,7.09,-1,nan,nan,nan,nan,nan,nan
80,50.00,-100.00,-666.67,0.015060,-0.181591,0.671381,0.000202,0.000149,0.000371,0,949.05,7,19.050,28.250,7.920,59.60,-113.13,-663.66,0.037243,0.026710,-1.003219,0.000432,0.001665,0.003456,1.2070,1.2929,5.12,-1,nan,nan,2.1253,-1.5251,4.000,1544.000
81,50.00,-75.00,-666.67,0.018842,-0.179542,0.672420,0.000175,0.000164,0.000127,0,962.62,12,16.550,25.910,9.430,60.07,-85.12,-664.56,0.027807,0.022013,-1.002503,0.000665,0.000840,0.000512,1.1875,1.2788,5.00,-1,nan,nan,1.5884,-1.2579,12304.000,15120.000
82,25.00,-75.00,-666.67,0.016223,-0.182102,0.669995,0.000309,0.000172,0.000127,0,976.31,12,18.420,23.110,8.940,30.04,-84.99,-665.20,0.034199,0.025066,-1.002273,0.000474,0.000700,0.000883,1.1758,1.2428,5.00,-1,nan,nan,1.9537,-1.4326,26136.000,28952.000
83,0.00,-75.00,-666.67,0.011609,-0.181762,0.669598,0.000213,0.000064,0.000166,0,989.95,12,20.620,20.620,8.780,0.00,-84.96,-665.42,0.045543,0.022230,-1.002386,0.000461,0.000927,0.001323,1.1829,1.2127,5.00,-1,nan,nan,2.6008,-1.2704,39704.000,42520.000
84,-25.00,-75.00,-666.67,0.014325,-0.175645,0.670621,0.000216,0.000075,0.000208,0,1003.61,11,23.110,18.420,8.940,-30.04,-84.99,-665.20,0.040868,0.011610,-1.002676,0.000649,0.000614,0.000734,1.1756,1.2404,5.00,-1,nan,nan,2.3339,-0.6634,53528.000,56088.000
85,-50.00,-75.00,-666.67,0.011183,-0.175568,0.669906,0.000221,0.000110,0.000171,0,1017.22,11,25.910,16.550,9.430,-60.07,-85.12,-664.56,0.049702,0.010494,-1.002266,0.000388,0.000837,0.000772,1.1830,1.2885,5.00,-1,nan,nan,2.8388,-0.5999,67096.000,69656.000
86,-50.00,-50.00,-666.67,0.012727,-0.170025,0.671685,0.000176,0.000115,0.000339,0,1030.77,11,23.870,14.380,11.270,-60.35,-56.94,-665.22,0.041158,-0.000590,-1.002525,0.000861,0.000522,0.000735,1.2075,1.2513,5.00,-1,nan,nan,2.3509,0.0337,80668.000,83228.000
87,-25.00,-50.00,-666.67,0.012341,-0.174728,0.670529,0.000126,0.000166,0.000206,0,1044.45,12,21.040,16.290,10.780,-30.18,-56.80,-665.88,0.040699,0.007553,-1.002543,0.000440,0.000955,0.000540,1.1830,1.2304,5.00,-1,nan,nan,2.3246,-0.4316,94236.000,97052.000
88,0.00,-50.00,-666.67,0.013672,-0.178581,0.670107,0.000182,0.000120,0.000165,0,1058.12,12,18.510,18.510,10.620,0.00,-56.75,-666.10,0.036971,0.014364,-1.002479,0.000316,0.000718,0.000711,1.1959,1.2494,5.00,-1,nan,nan,2.1119,-0.8209,107804.000,110620.000
89,25.00,-50.00,-666.67,0.019037,-0.180664,0.670369,0.000238,0.000251,0.001827,0,1071.78,12,16.290,21.040,10.780,30.18,-56.80,-665.88,0.027050,0.018308,-1.002474,0.000353,0.000766,0.000761,1.1997,1.2555,5.00,-1,nan,nan,1.5454,-1.0462,121628.000,124444.000
90,50.00,-50.00,-666.67,0.020305,-0.183691,0.671203,0.000251,0.000199,0.000292,0,1085.40,12,14.380,23.870,11.270,60.35,-56.94,-665.22,0.023964,0.024690,-1.002338,0.000627,0.000711,0.000953,1.1697,1.2376,5.00,-1,nan,nan,1.3692,-1.4110,135196.000,138012.000
91,50.00,-25.00,-666.67,0.019152,-0.187336,0.669589,0.000332,0.000234,0.000095,0,1098.93,12,12.550,22.130,13.430,60.44,-28.64,-665.63,0.022883,0.027083,-1.002287,0.000759,0.000784,0.000711,1.1689,1.2547,5.00,-1,nan,nan,1.3074,-1.5478,148768.000,151584.000
92,25.00,-25.00,-666.67,0.015413,-0.184106,0.669653,0.000137,0.000226,0.000199,0,1112.64,12,14.480,19.270,12.940,30.23,-28.48,-666.30,0.029777,0.020612,-1.002594,0.000565,0.000838,0.000831,1.1792,1.2527,5.00,-1,nan,nan,1.7008,-1.1778,162348.000,165164.000
93,0.00,-25.00,-666.67,0.017378,-0.179510,0.670298,0.000274,0.000200,0.000199,0,1126.32,12,16.720,16.720,12.770,0.00,-28.43,-666.52,0.028198,0.013085,-1.002532,0.000861,0.001048,0.000664,1.1881,1.2620,5.00,-1,nan,nan,1.6110,-0.7478,176172.000,178988.000
94,-25.00,-25.00,-666.67,0.013498,-0.178476,0.667784,0.000237,0.000177,0.002906,0,1139.97,12,19.270,14.480,12.940,-30.23,-28.48,-666.30,0.037438,0.009410,-1.002673,0.000366,0.000670,0.000587,1.1909,1.2967,5.00,-1,nan,nan,2.1382,-0.5377,189740.000,192556.000
95,-50.00,-25.00,-666.67,0.013839,-0.175543,0.670076,0.000290,0.000113,0.000180,0,1153.59,12,22.130,12.550,13.430,-60.44,-28.64,-665.63,0.038356,0.003435,-1.002701,0.000982,0.000910,0.000780,1.1657,1.2637,5.00,-1,nan,nan,2.1906,-0.1963,203308.000,206124.000
96,-50.00,0.00,-666.67,0.015421,-0.173172,0.670482,0.000144,0.000219,0.000200,0,1167.12,12,20.690,11.060,15.890,-60.34,-0.24,-665.78,0.031279,-0.002868,-1.002347,0.000685,0.000644,0.001054,1.1978,1.2578,5.00,-1,nan,nan,1.7874,0.1640,216876.000,219692.000
97,-25.00,0.00,-666.67,0.019160,-0.175878,0.670498,0.000334,0.000108,0.000215,0,1180.81,11,17.820,12.990,15.410,-30.19,-0.06,-666.45,0.024722,0.002523,-1.002872,0.000350,0.000888,0.000895,1.1902,1.2534,5.00,-1,nan,nan,1.4121,-0.1441,230704.000,233268.000
98,0.00,0.00,-666.67,0.021076,-0.178865,0.670434,0.000105,0.000133,0.000246,0,1194.48,12,15.250,15.250,15.250,0.00,-0.00,-666.67,0.019990,0.008767,-1.002780,0.000848,0.000528,0.000579,1.1854,1.2579,5.00,-1,nan,nan,1.1420,-0.5009,244292.000,247108.000
99,25.00,0.00,-666.67,0.018187,-0.182812,0.669755,0.000150,0.000283,0.000074,0,1208.14,12,12.990,17.820,15.410,30.19,-0.06,-666.45,0.023072,0.016430,-1.002633,0.000635,0.000449,0.000730,1.2088,1.2480,5.00,-1,nan,nan,1.3181,-0.9388,257860.000,260676.000
100,50.00,0.00,-666.67,0.022118,-0.184901,0.670345,0.000215,0.000115,0.000147,0,1221.75,12,11.060,20.690,15.890,60.34,-0.24,-665.78,0.010197,0.020937,-1.002601,0.000604,0.000655,0.000853,1.2097,1.2577,5.00,-1,nan,nan,0.5826,-1.1963,271428.000,274244.000
101,50.00,25.00,-666.67,0.021288,-0.187829,0.665735,0.000089,0.000061,0.002829,0,1235.26,12,9.910,19.550,18.670,60.05,28.24,-665.67,0.008497,0.022162,-1.002733,0.000288,0.000480,0.000861,1.1951,1.2513,5.00,-1,nan,nan,0.4854,-1.2661,284996.000,287812.000
102,25.00,25.00,-666.67,0.020015,-0.184906,0.669534,0.000146,0.000101,0.000180,0,1248.94,11,11.840,16.660,18.190,30.04,28.44,-666.31,0.017715,0.015481,-1.002607,0.000598,0.000774,0.000648,1.1801,1.2953,5.00,-1,nan,nan,1.0122,-0.8846,298820.000,301380.000
103,0.00,25.00,-666.67,0.017567,-0.184130,0.669183,0.000213,0.000285,0.000308,0,1262.60,12,14.090,14.090,18.020,0.00,28.50,-666.52,0.023032,0.012408,-1.002903,0.000728,0.000472,0.000826,1.1674,1.2509,5.01,-1,nan,nan,1.3155,-0.7089,312392.000,315208.000
104,-25.00,25.00,-666.67,0.018481,-0.178913,0.669820,0.000145,0.000125,0.000152,0,1276.25,12,16.660,11.840,18.190,-30.04,28.44,-666.31,0.023565,0.003272,-1.002954,0.000787,0.000496,0.000661,1.1549,1.2201,5.01,-1,nan,nan,1.3459,-0.1869,325976.000,328792.000
105,-50.00,25.00,-666.67,0.016318,-0.178628,0.669536,0.000239,0.000158,0.000222,0,1289.87,12,19.550,9.910,18.670,-60.05,28.24,-665.67,0.029152,0.001016,-1.002726,0.000581,0.000846,0.000907,1.1955,1.2699,5.01,-1,nan,nan,1.6653,-0.0580,339544.000,342360.000
106,-50.00,50.00,-666.67,0.018482,-0.178375,0.669670,0.000234,0.000375,0.000123,0,1303.37,12,18.710,9.090,21.740,-59.55,56.79,-665.28,0.022465,-0.002900,-1.002817,0.000829,0.002241,0.000657,1.2321,1.5838,5.00,-1,nan,nan,1.2833,0.1657,353112.000,355928.000
107,-25.00,50.00,-666.67,0.021253,-0.179935,0.669715,0.000097,0.000342,0.000124,0,1317.03,11,15.830,11.020,21.260,-29.79,57.00,-665.88,0.012899,0.001225,-1.002912,0.000552,0.000972,0.000888,1.1880,1.2832,5.00,-1,nan,nan,0.7369,-0.0700,366936.000,369496.000
108,0.00,50.00,-666.67,0.022484,-0.181998,0.669582,0.000251,0.000156,0.000228,0,1330.68,12,13.260,13.260,21.100,-0.00,57.07,-666.09,0.009494,0.006122,-1.002762,0.000729,0.000462,0.000732,1.2001,1.2474,5.00,-1,nan,nan,0.5425,-0.3498,380504.000,383320.000
109,25.00,50.00,-666.67,0.025123,-0.185116,0.669588,0.000159,0.000123,0.000205,0,1344.31,12,11.020,15.830,21.260,29.79,57.00,-665.88,0.003265,0.012823,-1.002836,0.000502,0.001024,0.000619,1.2055,1.3256,5.00,-1,nan,nan,0.1865,-0.7326,394076.000,396892.000
110,50.00,50.00,-666.67,0.023768,-0.187860,0.669087,0.000090,0.000000,0.000212,0,1357.90,12,9.090,18.710,21.740,59.55,56.79,-665.28,0.004438,0.018683,-1.002668,0.000426,0.000607,0.000809,1.1971,1.3239,5.00,-1,nan,nan,0.2536,-1.0675,407656.000,410472.000
111,50.00,75.00,-666.67,0.023572,-0.188242,0.665257,0.000179,0.000215,0.000407,0,1371.39,12,8.620,18.180,25.110,58.84,85.42,-664.61,0.000999,0.020406,-1.002431,0.000619,0.000697,0.000508,1.1748,1.2232,5.00,-1,nan,nan,0.0571,-1.1662,421224.000,424040.000
112,25.00,75.00,-666.67,0.021272,-0.187845,0.665438,0.000083,0.000035,0.000976,0,1385.02,12,10.520,15.310,24.620,29.44,85.63,-665.16,0.006237,0.013678,-1.003020,0.000243,0.000646,0.000862,1.1826,1.2453,5.00,-1,nan,nan,0.3562,-0.7813,434792.000,437608.000
113,0.00,75.00,-666.67,0.021066,-0.186244,0.664575,0.000095,0.000202,0.000275,0,1398.63,12,12.760,12.760,24.460,-0.00,85.70,-665.35,0.012186,0.009645,-1.002950,0.001069,0.000955,0.000477,1.1916,1.2900,5.00,-1,nan,nan,0.6961,-0.5510,448360.000,451176.000
114,-25.00,75.00,-666.67,0.021108,-0.182707,0.667230,0.000086,0.000273,0.000523,0,1412.23,12,15.310,10.520,24.620,-29.44,85.63,-665.16,0.015004,0.002424,-1.003081,0.000661,0.000542,0.000645,1.1778,1.2295,5.00,-1,nan,nan,0.8570,-0.1385,461928.000,464744.000
115,-50.00,75.00,-666.67,0.021210,-0.180511,0.667804,0.000000,0.000252,0.000690,0,1425.80,12,18.180,8.620,25.110,-58.84,85.42,-664.61,0.015545,-0.003291,-1.002903,0.000516,0.000399,0.000553,1.2245,1.2763,5.00,-1,nan,nan,0.8880,0.1880,475496.000,478312.000
116,-50.00,100.00,-666.67,0.021218,-0.179444,0.667592,0.000026,0.000226,0.002237,0,1439.27,12,17.960,8.490,28.750,-57.92,114.12,-663.65,0.011814,-0.008015,-1.002704,0.000404,0.000943,0.000778,1.1958,1.2485,5.00,-1,nan,nan,0.6750,0.4580,489072.000,491888.000
117,-25.00,100.00,-666.67,0.025673,-0.183548,0.668134,0.000248,0.000273,0.000490,0,1452.87,12,15.110,10.370,28.270,-28.98,114.32,-664.14,0.001421,-0.001906,-1.002694,0.000693,0.001399,0.000655,1.1973,1.2716,5.00,-1,nan,nan,0.0812,0.1089,502640.000,505456.000
118,0.00,100.00,-666.67,0.027618,-0.187193,0.667694,0.000140,0.000232,0.000498,0,1466.43,12,12.580,12.580,28.110,-0.00,114.39,-664.30,-0.002193,0.004893,-1.003001,0.000982,0.000809,0.000521,1.2145,1.2867,5.00,-1,nan,nan,-0.1253,-0.2795,516208.000,519024.000
119,25.00,100.00,-666.67,0.029927,-0.187860,0.667594,0.000173,0.000000,0.000476,0,1479.98,12,10.370,15.110,28.270,28.98,114.32,-664.14,-0.007412,0.010717,-1.002742,0.001242,0.001281,0.000830,1.1937,1.2621,5.00,-1,nan,nan,-0.4235,-0.6124,529776.000,532592.000
120,50.00,100.00,-666.67,0.028845,-0.188274,0.664509,0.000242,0.000289,0.001858,0,1493.53,12,8.490,17.960,28.750,57.92,114.12,-663.65,-0.007598,0.015292,-1.002575,0.000588,0.001157,0.000457,1.1965,1.2882,5.00,-1,nan,nan,-0.4341,-0.8738,543344.000,546160.000
121,50.00,125.00,-666.67,0.029128,-0.193912,0.664162,0.000227,0.000112,0.000301,0,1507.01,12,8.700,18.050,32.670,56.77,142.93,-662.37,-0.010441,0.015484,-1.002411,0.000655,0.000484,0.000933,1.1860,1.2296,5.00,-1,nan,nan,-0.5967,-0.8850,556656.000,559472.000
122,25.00,125.00,-666.67,0.026360,-0.189945,0.663937,0.000239,0.000497,0.000299,0,1520.54,12,10.550,15.230,32.190,28.41,143.11,-662.79,-0.006940,0.011667,-1.002673,0.000364,0.000395,0.000526,1.2433,1.3241,5.00,-1,nan,nan,-0.3965,-0.6666,570240.000,573060.000
123,0.00,125.00,-666.67,0.023072,-0.187860,0.664796,0.000257,0.000000,0.000530,0,1534.05,12,12.730,12.730,32.030,0.00,143.16,-662.93,0.000775,0.004019,-1.002603,0.000589,0.000467,0.000847,1.2232,1.2584,5.00,-1,nan,nan,0.0443,-0.2297,583812.000,586628.000
124,-25.00,125.00,-666.67,0.021416,-0.186215,0.666127,0.000145,0.000271,0.000562,0,1547.56,12,15.230,10.550,32.190,-28.41,143.11,-662.79,0.005643,-0.001616,-1.003005,0.000546,0.001262,0.000911,1.2137,1.2700,5.00,-1,nan,nan,0.3224,0.0923,597380.000,600196.000
125,-50.00,125.00,-666.67,0.021210,-0.183823,0.667161,0.000000,0.000286,0.000477,0,1561.04,12,18.050,8.700,32.670,-56.77,142.93,-662.37,0.009376,-0.006902,-1.002734,0.000212,0.000508,0.000592,1.1917,1.2619,5.00,-1,nan,nan,0.5357,0.3944,610692.000,613508.000
126,-50.00,150.00,-666.67,0.024374,-0.184608,0.666324,0.000135,0.000135,0.000499,0,1574.49,12,18.480,9.260,36.860,-55.41,171.86,-660.75,0.001466,-0.009101,-1.002655,0.000992,0.000802,0.000514,1.1977,1.2807,5.00,-1,nan,nan,0.0838,0.5200,624260.000,627076.000
127,-25.00,150.00,-666.67,0.030212,-0.187851,0.666053,0.000253,0.000030,0.000635,0,1587.96,11,15.690,11.070,36.380,-27.73,172.00,-661.09,-0.008607,-0.002285,-1.002405,0.000458,0.001327,0.000875,1.1837,1.2969,5.00,-1,nan,nan,-0.4920,0.1306,637828.000,640392.000
128,0.00,150.00,-666.67,0.030523,-0.187923,0.664382,0.000219,0.000124,0.000386,0,1601.42,12,13.220,13.220,36.210,-0.00,172.05,-661.20,-0.010258,0.002642,-1.002215,0.000594,0.000684,0.000695,1.2163,1.2583,5.00,-1,nan,nan,-0.5864,-0.1510,651148.000,653964.000
129,25.00,150.00,-666.67,0.033061,-0.192931,0.664135,0.000147,0.000425,0.000380,0,1614.88,11,11.070,15.690,36.380,27.73,172.00,-661.09,-0.015623,0.007697,-1.002143,0.000334,0.000524,0.000866,1.2077,1.2479,5.01,-1,nan,nan,-0.8931,-0.4401,664716.000,667276.000
130,50.00,150.00,-666.67,0.032613,-0.193950,0.663578,0.000263,0.000044,0.000177,0,1628.34,12,9.260,18.480,36.860,55.41,171.86,-660.75,-0.015929,0.012857,-1.002168,0.000895,0.000792,0.001049,1.2000,1.2588,5.01,-1,nan,nan,-0.9105,-0.7350,678028.000,680844.000
131,-50.00,-150.00,-633.33,0.016183,-0.182285,0.671315,0.000275,0.000192,0.000145,0,1674.13,12,24.120,14.960,-4.840,-56.69,-167.22,-628.28,0.056833,0.023838,-1.001734,0.000251,0.000478,0.000629,1.1763,1.2233,5.00,-1,nan,nan,3.2462,-1.3632,723852.000,726668.000
132,-25.00,-150.00,-633.33,0.012160,-0.178848,0.674543,0.000109,0.000133,0.001489,0,1687.65,12,21.370,16.790,-5.330,-28.34,-167.22,-628.69,0.059713,0.019565,-1.001745,0.000461,0.000626,0.000547,1.1807,1.2205,5.00,-1,nan,nan,3.4106,-1.1189,737428.000,740244.000
133,0.00,-150.00,-633.33,0.014506,-0.178685,0.674143,0.000232,0.000286,0.001453,0,1701.16,11,18.930,18.930,-5.500,0.00,-167.23,-628.82,0.052686,0.019952,-1.002126,0.000887,0.001697,0.000487,1.2409,1.8181,5.00,-1,nan,nan,3.0089,-1.1406,750996.000,753556.000
134,25.00,-150.00,-633.33,0.015897,-0.181800,0.673368,0.000202,0.000089,0.000215,0,1714.67,12,16.790,21.370,-5.330,28.34,-167.22,-628.69,0.048118,0.025425,-1.002199,0.000246,0.000396,0.000764,1.1824,1.2088,5.00,-1,nan,nan,2.7479,-1.4532,764308.000,767124.000
135,50.00,-150.00,-633.33,0.015968,-0.184671,0.673033,0.000186,0.000073,0.000154,0,1728.18,12,14.960,24.120,-4.840,56.69,-167.22,-628.28,0.045992,0.030942,-1.001979,0.000466,0.000482,0.000573,1.1753,1.2885,5.01,-1,nan,nan,2.6269,-1.7688,777876.000,780692.000
136,50.00,-125.00,-633.33,0.020399,-0.183722,0.675139,0.000225,0.000251,0.000944,0,1741.72,12,11.680,21.100,-3.970,57.55,-139.71,-629.53,0.036542,0.026947,-1.002659,0.000665,0.000431,0.000571,1.2027,1.2821,5.01,-1,nan,nan,2.0865,-1.5395,791444.000,794260.000
137,25.00,-125.00,-633.33,0.014007,-0.185272,0.672700,0.000505,0.000291,0.000086,0,1755.29,12,13.570,18.280,-4.470,28.77,-139.71,-630.00,0.049262,0.028411,-1.002311,0.001569,0.001653,0.000774,1.2001,1.2823,5.01,-1,nan,nan,2.8126,-1.6236,805012.000,807832.000
138,0.00,-125.00,-633.33,0.013171,-0.182403,0.672534,0.000309,0.000139,0.000137,0,1768.84,12,15.770,15.770,-4.640,0.00,-139.71,-630.15,0.051663,0.023555,-1.002344,0.000380,0.000629,0.000548,1.2045,1.2525,5.01,-1,nan,nan,2.9497,-1.3462,818588.000,821404.000
139,-25.00,-125.00,-633.33,0.015485,-0.180851,0.672747,0.000185,0.000305,0.000182,0,1782.39,12,18.280,13.570,-4.470,-28.77,-139.71,-630.00,0.049914,0.019282,-1.002453,0.000715,0.000618,0.000907,1.1860,1.2425,5.01,-1,nan,nan,2.8500,-1.1019,832156.000,834972.000
140,-50.00,-125.00,-633.33,0.012137,-0.178937,0.672238,0.000186,0.000117,0.000218,0,1795.94,12,21.100,11.680,-3.970,-57.55,-139.71,-629.53,0.058851,0.015662,-1.001891,0.000445,0.000479,0.000573,1.2264,1.2743,5.01,-1,nan,nan,3.3613,-0.8956,845724.000,848540.000
141,-50.00,-100.00,-633.33,0.015404,-0.172893,0.674249,0.000150,0.000133,0.000183,0,1809.48,12,18.370,8.760,-2.760,-58.22,-112.01,-630.59,0.047494,0.003894,-1.002782,0.000486,0.000865,0.000995,1.1889,1.2629,5.01,-1,nan,nan,2.7116,-0.2225,859292.000,862108.000
142,-25.00,-100.00,-633.33,0.014801,-0.175795,0.673671,0.000188,0.000152,0.000288,0,1823.08,12,15.500,10.680,-3.260,-29.11,-112.00,-631.10,0.046554,0.009610,-1.002602,0.000291,0.000241,0.000442,1.1744,1.2188,5.01,-1,nan,nan,2.6584,-0.5492,872860.000,875676.000
143,0.00,-100.00,-633.33,0.015492,-0.179176,0.673193,0.000196,0.000119,0.000150,0,1836.66,12,12.930,12.930,-3.430,0.00,-112.00,-631.27,0.044253,0.015969,-1.002296,0.000299,0.000555,0.000492,1.1904,1.2635,5.00,-1,nan,nan,2.5277,-0.9128,886432.000,889252.000
144,25.00,-100.00,-633.33,0.017996,-0.181648,0.673743,0.000433,0.000291,0.000155,0,1850.23,12,10.680,15.500,-3.260,29.11,-112.00,-631.10,0.038694,0.019955,-1.002463,0.001436,0.001275,0.000404,1.1594,1.2540,5.01,-1,nan,nan,2.2100,-1.1404,900020.000,902836.000
145,50.00,-100.00,-633.33,0.018751,-0.185729,0.673320,0.000281,0.000240,0.000146,0,1863.79,12,8.760,18.370,-2.760,58.22,-112.01,-630.59,0.036037,0.027932,-1.002396,0.000643,0.000296,0.000395,1.1882,1.2443,5.01,-1,nan,nan,2.0581,-1.5962,913588.000,916404.000
146,50.00,-75.00,-633.33,0.018552,-0.187817,0.672841,0.000222,0.000065,0.000088,0,1877.30,11,6.180,15.940,-1.200,58.73,-84.16,-631.44,0.032922,0.028528,-1.002317,0.000703,0.000655,0.000845,1.1763,1.2280,5.01,-1,nan,nan,1.8805,-1.6303,927156.000,929716.000
147,25.00,-75.00,-633.33,0.015269,-0.185676,0.672629,0.000103,0.000272,0.000129,0,1890.93,12,8.130,13.020,-1.710,29.37,-84.13,-631.98,0.039058,0.023874,-1.002089,0.000462,0.000407,0.000688,1.1985,1.2408,5.01,-1,nan,nan,2.2314,-1.3648,940724.000,943540.000
148,0.00,-75.00,-633.33,0.015262,-0.181767,0.672763,0.000151,0.000083,0.000075,0,1904.54,12,10.420,10.420,-1.870,0.00,-84.13,-632.17,0.041127,0.016024,-1.002453,0.000428,0.000563,0.000656,1.1977,1.2633,5.00,-1,nan,nan,2.3490,-0.9158,954292.000,957108.000
149,-25.00,-75.00,-633.33,0.015253,-0.178838,0.672890,0.000171,0.000091,0.000125,0,1918.14,12,13.020,8.130,-1.710,-29.37,-84.13,-631.98,0.043517,0.010540,-1.002417,0.000366,0.000422,0.000782,1.2296,1.2876,5.01,-1,nan,nan,2.4856,-0.6024,967864.000,970680.000
150,-50.00,-75.00,-633.33,0.015194,-0.179032,0.672525,0.000144,0.000168,0.000153,0,1931.70,12,15.940,6.180,-1.200,-58.73,-84.16,-631.44,0.045687,0.010164,-1.002589,0.000731,0.000784,0.000853,1.2012,1.2676,5.01,-1,nan,nan,2.6090,-0.5808,981464.000,984280.000
151,-50.00,-50.00,-633.33,0.016328,-0.172750,0.673965,0.000276,0.000076,0.000204,0,1945.22,12,13.810,3.930,0.700,-59.08,-56.19,-632.04,0.038916,-0.002751,-1.002682,0.000334,0.000725,0.000657,1.2065,1.2392,5.00,-1,nan,nan,2.2226,0.1572,995032.000,997848.000
152,-25.00,-50.00,-633.33,0.021210,-0.176775,0.674220,0.000000,0.000149,0.000241,0,1958.85,12,10.860,5.920,0.190,-29.55,-56.16,-632.62,0.029863,0.005052,-1.002746,0.000509,0.000664,0.000776,1.2112,1.2603,5.00,-1,nan,nan,1.7058,-0.2886,1008600.000,1011416.000
153,0.00,-50.00,-633.33,0.016136,-0.182060,0.672769,0.000205,0.000163,0.000120,0,1972.48,12,8.230,8.230,0.020,0.00,-56.15,-632.81,0.036347,0.013813,-1.002636,0.000711,0.000309,0.000538,1.1817,1.2283,5.01,-1,nan,nan,2.0760,-0.7893,1022168.000,1024984.000
154,25.00,-50.00,-633.33,0.019270,-0.185386,0.672818,0.000211,0.000159,0.000116,0,1986.08,12,5.920,10.860,0.190,29.55,-56.16,-632.62,0.030863,0.020840,-1.002887,0.000814,0.000721,0.000598,1.1990,1.2582,5.01,-1,nan,nan,1.7623,-1.1904,1035736.000,1038552.000
155,50.00,-50.00,-633.33,0.021210,-0.187239,0.673398,0.000000,0.000238,0.000228,0,1999.66,12,3.930,13.810,0.700,59.08,-56.19,-632.04,0.025212,0.023545,-1.002437,0.000444,0.000676,0.000791,1.2057,1.2772,5.01,-1,nan,nan,1.4404,-1.3455,1049308.000,1052124.000
156,50.00,-25.00,-633.33,0.021210,-0.187860,0.672928,0.000000,0.000000,0.000175,0,2013.16,12,2.040,11.990,2.930,59.27,-28.16,-632.41,0.019520,0.025187,-1.002866,0.000766,0.000672,0.000953,1.1858,1.2366,5.00,-1,nan,nan,1.1147,-1.4387,1062900.000,1065716.000
157,25.00,-25.00,-633.33,0.019205,-0.187860,0.672573,0.000251,0.000000,0.000119,0,2026.80,12,4.040,9.020,2.430,29.64,-28.11,-633.00,0.027650,0.022433,-1.002742,0.000739,0.000589,0.000860,1.1849,1.2503,5.00,-1,nan,nan,1.5791,-1.2816,1076468.000,1079284.000
158,0.00,-25.00,-633.33,0.017191,-0.185297,0.672678,0.000221,0.000185,0.000100,0,2040.42,11,6.360,6.360,2.260,0.00,-28.10,-633.20,0.033395,0.016125,-1.002921,0.000552,0.000454,0.000816,1.2189,1.2640,5.01,-1,nan,nan,1.9068,-0.9212,1090292.000,1092852.000
159,-25.00,-25.00,-633.33,0.015901,-0.181893,0.672815,0.000260,0.000072,0.000088,0,2054.02,11,9.020,4.040,2.430,-29.64,-28.11,-633.00,0.036807,0.008559,-1.002916,0.000360,0.000576,0.000392,1.2265,1.2788,5.01,-1,nan,nan,2.1017,-0.4890,1103860.000,1106420.000
160,-50.00,-25.00,-633.33,0.018025,-0.178432,0.673365,0.000187,0.000200,0.000225,0,2067.61,11,11.990,2.040,2.930,-59.27,-28.16,-632.41,0.035377,0.001379,-1.003061,0.000572,0.000768,0.000847,1.2058,1.2654,5.01,-1,nan,nan,2.0199,-0.0788,1117428.000,1119988.000
161,-50.00,0.00,-633.33,0.021140,-0.176398,0.674345,0.000071,0.000169,0.000211,0,2081.12,12,10.480,0.500,5.500,-59.29,-0.08,-632.53,0.026058,-0.003519,-1.002963,0.000472,0.000564,0.000682,1.2106,1.2554,5.01,-1,nan,nan,1.4882,0.2010,1130744.000,1133568.000
162,-25.00,0.00,-633.33,0.021210,-0.180609,0.674066,0.000000,0.000726,0.000334,0,2094.78,11,7.490,2.500,5.000,-29.66,-0.02,-633.13,0.024465,0.003484,-1.002945,0.001069,0.001885,0.000512,1.2431,1.8094,5.01,-1,nan,nan,1.3974,-0.1990,1144588.000,1147148.000
163,0.00,0.00,-633.33,0.021359,-0.184688,0.672607,0.000119,0.000094,0.001120,0,2108.39,12,4.830,4.830,4.830,-0.00,0.00,-633.33,0.019723,0.010791,-1.002648,0.000620,0.000573,0.000525,1.1900,1.2337,5.00,-1,nan,nan,1.1268,-0.6166,1158156.000,1160972.000
164,25.00,0.00,-633.33,0.021210,-0.186745,0.672978,0.000000,0.000309,0.000193,0,2122.02,12,2.500,7.490,5.000,29.66,-0.02,-633.13,0.021718,0.015282,-1.002903,0.000925,0.000460,0.000665,1.2207,1.2988,5.01,-1,nan,nan,1.2404,-0.8730,1171724.000,1174540.000
165,50.00,0.00,-633.33,0.023107,-0.187860,0.672962,0.000169,0.000000,0.000179,0,2135.61,12,0.500,10.480,5.500,59.29,-0.08,-632.53,0.015861,0.022067,-1.002816,0.000928,0.000852,0.000472,1.1908,1.2507,5.00,-1,nan,nan,0.9059,-1.2606,1185292.000,1188108.000
166,50.00,25.00,-633.33,0.024614,-0.192061,0.672668,0.000210,0.000402,0.000048,0,2149.11,12,-0.690,9.280,8.400,59.13,28.02,-632.41,0.007478,0.023335,-1.002720,0.000761,0.000479,0.001041,1.1931,1.2272,5.00,-1,nan,nan,0.4272,-1.3331,1198860.000,1201676.000
167,25.00,25.00,-633.33,0.021179,-0.189007,0.672454,0.000046,0.000374,0.000139,0,2162.74,12,1.300,6.290,7.890,29.58,28.10,-633.00,0.019377,0.020342,-1.003218,0.000620,0.000463,0.000653,1.1913,1.2306,5.01,-1,nan,nan,1.1063,-1.1616,1212432.000,1215252.000
168,0.00,25.00,-633.33,0.020788,-0.187860,0.672705,0.000258,0.000000,0.000094,0,2176.35,12,3.630,3.630,7.730,0.00,28.12,-633.20,0.022728,0.013918,-1.002964,0.000563,0.000728,0.000718,1.1951,1.2505,5.00,-1,nan,nan,1.2980,-0.7951,1226016.000,1228832.000
169,-25.00,25.00,-633.33,0.020102,-0.185961,0.672593,0.000201,0.000219,0.000477,0,2189.96,12,6.290,1.300,7.890,-29.58,28.10,-633.00,0.025424,0.008562,-1.002842,0.000506,0.000766,0.000680,1.1848,1.2971,5.01,-1,nan,nan,1.4522,-0.4891,1239584.000,1242400.000
170,-50.00,25.00,-633.33,0.018980,-0.181618,0.673389,0.000221,0.000109,0.000273,0,2203.55,11,9.280,-0.690,8.400,-59.13,28.02,-632.41,0.028501,-0.000831,-1.003118,0.000224,0.000565,0.000773,1.1678,1.2404,5.01,-1,nan,nan,1.6275,0.0475,1253408.000,1255968.000
171,-50.00,50.00,-633.33,0.021210,-0.180884,0.673763,0.000000,0.000210,0.000196,0,2217.04,12,8.400,-1.530,11.610,-58.78,56.14,-632.05,0.019293,-0.005447,-1.003016,0.000692,0.000584,0.000614,1.1970,1.2617,5.01,-1,nan,nan,1.1020,0.3111,1266720.000,1269536.000
172,-25.00,50.00,-633.33,0.022101,-0.184792,0.673224,0.000348,0.000085,0.000213,0,2230.67,12,5.420,0.440,11.110,-29.41,56.23,-632.62,0.014153,0.002538,-1.003109,0.000566,0.000625,0.000531,1.1925,1.2783,5.01,-1,nan,nan,0.8083,-0.1449,1280288.000,1283104.000
173,0.00,50.00,-633.33,0.024345,-0.186913,0.673153,0.000125,0.000127,0.000206,0,2244.30,11,2.760,2.760,10.940,0.00,56.26,-632.81,0.010417,0.006781,-1.003065,0.000546,0.000897,0.000567,1.1757,1.2592,5.01,-1,nan,nan,0.5950,-0.3873,1294112.000,1296672.000
174,25.00,50.00,-633.33,0.025458,-0.187860,0.672685,0.000145,0.000000,0.000073,0,2257.88,11,0.440,5.420,11.110,29.41,56.23,-632.62,0.006893,0.014817,-1.003037,0.000399,0.000549,0.000410,1.1901,1.2510,5.00,-1,nan,nan,0.3937,-0.8463,1307688.000,1310248.000
175,50.00,50.00,-633.33,0.029632,-0.193852,0.672702,0.000302,0.000124,0.000048,0,2271.45,11,-1.530,8.400,11.610,58.78,56.14,-632.05,-0.000507,0.021322,-1.002824,0.000832,0.000732,0.000485,1.2051,1.2873,5.01,-1,nan,nan,-0.0290,-1.2180,1321256.000,1323816.000
176,50.00,75.00,-633.33,0.027302,-0.195577,0.672659,0.000131,0.000241,0.000114,0,2284.91,12,-2.030,7.830,15.120,58.24,84.27,-631.44,0.000542,0.019842,-1.002631,0.000525,0.000931,0.000456,1.2045,1.2747,5.00,-1,nan,nan,0.0309,-1.1337,1334568.000,1337384.000
177,25.00,75.00,-633.33,0.024717,-0.195169,0.672025,0.000180,0.000244,0.000123,0,2298.54,12,-0.070,4.860,14.630,29.14,84.38,-631.98,0.003590,0.018652,-1.002897,0.000853,0.000508,0.000643,1.2099,1.3043,5.01,-1,nan,nan,0.2051,-1.0655,1348136.000,1350952.000
178,0.00,75.00,-633.33,0.022842,-0.188400,0.673562,0.000258,0.000358,0.001410,0,2312.13,11,2.230,2.230,14.460,-0.00,84.41,-632.16,0.008481,0.011195,-1.002943,0.000794,0.000333,0.000525,1.2025,1.2721,5.01,-1,nan,nan,0.4845,-0.6395,1361960.000,1364520.000
179,-25.00,75.00,-633.33,0.021210,-0.187860,0.671377,0.000000,0.000000,0.001488,0,2325.68,11,4.860,-0.070,14.630,-29.14,84.38,-631.98,0.015961,0.006466,-1.003006,0.000641,0.000690,0.000396,1.2109,1.3236,5.01,-1,nan,nan,0.9117,-0.3694,1375528.000,1378088.000
180,-50.00,75.00,-633.33,0.021202,-0.185092,0.672858,0.000029,0.000148,0.000143,0,2339.23,12,7.830,-2.030,15.120,-58.24,84.27,-631.44,0.017628,-0.002348,-1.003103,0.000666,0.000780,0.000621,1.1941,1.2452,5.00,-1,nan,nan,1.0068,0.1341,1388856.000,1391672.000
181,-50.00,100.00,-633.33,0.021743,-0.184972,0.673463,0.000180,0.000125,0.000207,0,2352.67,12,7.590,-2.170,18.930,-57.50,112.44,-630.59,0.010911,-0.006472,-1.003089,0.000610,0.000710,0.000738,1.1825,1.2676,5.00,-1,nan,nan,0.6232,0.3697,1402424.000,1405240.000
182,-25.00,100.00,-633.33,0.027572,-0.187860,0.672873,0.000242,0.000000,0.000162,0,2366.25,12,4.640,-0.240,18.440,-28.77,112.55,-631.08,0.000770,0.001507,-1.003071,0.000797,0.000566,0.000616,1.1840,1.2617,5.01,-1,nan,nan,0.0440,-0.0861,1415992.000,1418808.000
183,0.00,100.00,-633.33,0.028829,-0.190389,0.672582,0.000175,0.000573,0.000149,0,2379.81,12,2.030,2.030,18.270,-0.00,112.58,-631.25,-0.002363,0.007653,-1.002942,0.000950,0.000802,0.000612,1.2058,1.2584,5.01,-1,nan,nan,-0.1350,-0.4372,1429560.000,1432376.000
184,25.00,100.00,-633.33,0.031388,-0.195550,0.672408,0.000176,0.000256,0.000178,0,2393.34,12,-0.240,4.640,18.440,28.77,112.55,-631.08,-0.007259,0.013808,-1.002889,0.000434,0.000461,0.000653,1.1876,1.2427,5.01,-1,nan,nan,-0.4147,-0.7888,1443128.000,1445944.000
185,50.00,100.00,-633.33,0.031303,-0.196847,0.672574,0.000755,0.000090,0.000123,0,2406.87,11,-2.170,7.590,18.930,57.50,112.44,-630.59,-0.006422,0.017005,-1.002624,0.000956,0.000405,0.000487,1.1719,1.2657,5.01,-1,nan,nan,-0.3669,-0.9717,1456700.000,1459268.000
186,50.00,125.00,-633.33,0.033195,-0.196950,0.672415,0.000229,0.000000,0.000108,0,2420.30,12,-1.960,7.660,23.010,56.54,140.65,-629.49,-0.012831,0.016507,-1.002456,0.000621,0.000803,0.000474,1.1783,1.2406,5.00,-1,nan,nan,-0.7332,-0.9434,1470028.000,1472844.000
187,25.00,125.00,-633.33,0.029458,-0.196927,0.672272,0.000140,0.000042,0.000115,0,2433.82,12,-0.070,4.750,22.520,28.29,140.75,-629.92,-0.007968,0.013582,-1.002953,0.001245,0.001002,0.000860,1.1769,1.2399,5.01,-1,nan,nan,-0.4552,-0.7759,1483596.000,1486412.000
188,0.00,125.00,-633.33,0.026400,-0.194093,0.672505,0.000158,0.000153,0.000171,0,2447.35,11,2.170,2.170,22.360,-0.00,140.78,-630.06,-0.003101,0.007433,-1.002925,0.000974,0.000611,0.000759,1.1960,1.2926,5.01,-1,nan,nan,-0.1771,-0.4246,1497164.000,1499724.000
189,-25.00,125.00,-633.33,0.023355,-0.188546,0.672628,0.000150,0.000308,0.000094,0,2460.84,12,4.750,-0.070,22.520,-28.29,140.75,-629.92,0.004216,0.001300,-1.003035,0.000962,0.000620,0.000750,1.2076,1.2605,5.00,-1,nan,nan,0.2408,-0.0743,1510476.000,1513292.000
190,-50.00,125.00,-633.33,0.022968,-0.187860,0.672826,0.000274,0.000000,0.000123,0,2474.33,12,7.660,-1.960,23.010,-56.54,140.65,-629.49,0.006229,-0.004197,-1.002873,0.000991,0.000693,0.000651,1.2117,1.2670,5.00,-1,nan,nan,0.3559,0.2398,1524044.000,1526860.000
191,-50.00,150.00,-633.33,0.025549,-0.187860,0.673067,0.000332,0.000000,0.000183,0,2487.76,11,8.060,-1.410,27.360,-55.37,168.94,-628.11,0.000309,-0.008651,-1.002569,0.000655,0.000494,0.000588,1.2111,1.2665,5.01,-1,nan,nan,0.0177,0.4944,1537616.000,1540180.000
192,-25.00,150.00,-633.33,0.030929,-0.192724,0.672834,0.000275,0.000458,0.000123,0,2501.25,12,5.190,0.450,26.870,-27.71,169.02,-628.47,-0.009017,-0.001391,-1.002450,0.000652,0.000687,0.000655,1.2285,1.2959,5.00,-1,nan,nan,-0.5154,0.0795,1550960.000,1553776.000
193,0.00,150.00,-633.33,0.033156,-0.195931,0.672600,0.000127,0.000216,0.000192,0,2514.73,11,2.650,2.650,26.710,-0.00,169.04,-628.59,-0.012478,0.004599,-1.002448,0.000277,0.000858,0.000690,1.2054,1.2976,5.01,-1,nan,nan,-0.7132,-0.2629,1564528.000,1567088.000
194,25.00,150.00,-633.33,0.036580,-0.196737,0.672558,0.000256,0.000145,0.000112,0,2528.20,12,0.450,5.190,26.870,27.71,169.02,-628.47,-0.018220,0.009857,-1.002270,0.001502,0.001188,0.000996,1.2005,1.2568,5.01,-1,nan,nan,-1.0414,-0.5634,1577840.000,1580656.000
195,50.00,150.00,-633.33,0.037044,-0.196919,0.672438,0.000233,0.000046,0.000153,0,2541.64,12,-1.410,8.060,27.360,55.37,168.94,-628.11,-0.019301,0.013544,-1.002073,0.001036,0.000887,0.001045,1.1970,1.2597,5.01,-1,nan,nan,-1.1033,-0.7744,1591408.000,1594224.000
196,-50.00,-150.00,-600.00,0.021694,-0.187511,0.675676,0.000140,0.000238,0.000096,0,2586.97,12,14.370,4.670,-15.780,-55.48,-165.94,-595.28,0.047865,0.025350,-1.002485,0.000306,0.000357,0.000429,1.2035,1.2585,5.00,-1,nan,nan,2.7327,-1.4485,6916.000,9732.000
197,-25.00,-150.00,-600.00,0.018795,-0.184578,0.676141,0.000182,0.000195,0.000223,0,2600.44,11,11.460,6.600,-16.300,-27.73,-165.99,-595.60,0.051012,0.022483,-1.002699,0.000757,0.000549,0.000757,1.1996,1.2730,5.00,-1,nan,nan,2.9117,-1.2845,20488.000,23048.000
198,0.00,-150.00,-600.00,0.016025,-0.184091,0.675088,0.000333,0.000228,0.001716,0,2613.89,12,8.860,8.860,-16.480,-0.00,-166.01,-595.70,0.052327,0.022561,-1.002505,0.000528,0.000437,0.000635,1.1914,1.2590,5.00,-1,nan,nan,2.9871,-1.2892,33800.000,36616.000
199,25.00,-150.00,-600.00,0.015812,-0.184788,0.676384,0.000379,0.000174,0.000241,0,2627.33,11,6.600,11.460,-16.300,27.73,-165.99,-595.60,0.050984,0.024888,-1.002256,0.001845,0.001294,0.000974,1.2029,1.2613,5.01,-1,nan,nan,2.9112,-1.4225,47368.000,49928.000
200,50.00,-150.00,-600.00,0.016207,-0.187743,0.676517,0.000333,0.000092,0.000266,0,2640.78,12,4.670,14.370,-15.780,55.48,-165.94,-595.28,0.049155,0.030729,-1.002470,0.000516,0.000380,0.000722,1.2007,1.2568,5.01,-1,nan,nan,2.8059,-1.7558,60680.000,63496.000
201,50.00,-125.00,-600.00,0.016892,-0.187805,0.676422,0.000770,0.000075,0.001157,0,2654.29,12,1.240,11.180,-14.960,56.28,-138.51,-596.50,0.043937,0.029432,-1.002352,0.001612,0.000884,0.000631,1.2276,1.2898,5.01,-1,nan,nan,2.5088,-1.6819,74248.000,77064.000
202,25.00,-125.00,-600.00,0.012445,-0.187860,0.675636,0.000174,0.000000,0.000118,0,2667.82,12,3.220,8.200,-15.490,28.14,-138.57,-596.87,0.052511,0.029732,-1.001940,0.000517,0.000663,0.000544,1.2123,1.2766,5.01,-1,nan,nan,2.9988,-1.6997,87816.000,90632.000
203,0.00,-125.00,-600.00,0.012649,-0.185063,0.675812,0.000176,0.000144,0.000140,0,2681.33,11,5.540,5.540,-15.660,0.00,-138.59,-596.99,0.053592,0.023234,-1.002115,0.000553,0.000468,0.000421,1.2111,1.2511,5.01,-1,nan,nan,3.0604,-1.3281,101384.000,103944.000
204,-25.00,-125.00,-600.00,0.013998,-0.184522,0.676127,0.000265,0.000151,0.000208,0,2694.84,12,8.200,3.220,-15.490,-28.14,-138.57,-596.87,0.053960,0.019714,-1.002463,0.000341,0.000632,0.000713,1.1980,1.2637,5.01,-1,nan,nan,3.0805,-1.1266,114700.000,117516.000
205,-50.00,-125.00,-600.00,0.013552,-0.180813,0.676621,0.000238,0.000291,0.000263,0,2708.32,12,11.180,1.240,-14.960,-56.28,-138.51,-596.50,0.056214,0.013068,-1.002513,0.000668,0.000608,0.000530,1.1860,1.2120,5.01,-1,nan,nan,3.2091,-0.7468,128280.000,131096.000
206,-50.00,-100.00,-600.00,0.014657,-0.175598,0.678538,0.000277,0.000111,0.000212,0,2721.83,12,8.290,-1.830,-13.770,-56.95,-110.92,-597.51,0.049696,0.002991,-1.002868,0.000359,0.000519,0.000749,1.1912,1.2348,5.01,-1,nan,nan,2.8369,-0.1709,141848.000,144664.000
207,-25.00,-100.00,-600.00,0.013399,-0.178770,0.678044,0.000404,0.000121,0.000298,0,2735.38,11,5.250,0.180,-14.310,-28.47,-110.99,-597.93,0.049897,0.009761,-1.002887,0.000534,0.000747,0.000698,1.1785,1.2502,5.01,-1,nan,nan,2.8482,-0.5576,155416.000,157976.000
208,0.00,-100.00,-600.00,0.015166,-0.181825,0.677506,0.000126,0.000059,0.000774,0,2748.89,11,2.550,2.550,-14.480,0.00,-111.01,-598.07,0.045112,0.015176,-1.002671,0.000484,0.000593,0.000554,1.1997,1.2331,5.01,-1,nan,nan,2.5758,-0.8672,168984.000,171544.000
209,25.00,-100.00,-600.00,0.018298,-0.186355,0.677724,0.000141,0.000210,0.000175,0,2762.41,12,0.180,5.250,-14.310,28.47,-110.99,-597.93,0.039547,0.023103,-1.002886,0.000535,0.000300,0.000644,1.2193,1.2677,5.01,-1,nan,nan,2.2576,-1.3197,182296.000,185112.000
210,50.00,-100.00,-600.00,0.018608,-0.187852,0.677049,0.000129,0.000029,0.001440,0,2775.92,12,-1.830,8.290,-13.770,56.95,-110.92,-597.51,0.038067,0.026683,-1.002505,0.000389,0.000726,0.000680,1.2134,1.2642,5.01,-1,nan,nan,2.1738,-1.5246,195864.000,198680.000
211,50.00,-75.00,-600.00,0.021080,-0.187860,0.677929,0.000122,0.000000,0.000247,0,2789.43,11,-4.540,5.710,-12.210,57.48,-83.23,-598.30,0.031144,0.027437,-1.002407,0.000803,0.001034,0.000476,1.1988,1.2395,5.00,-1,nan,nan,1.7789,-1.5679,209452.000,212012.000
212,25.00,-75.00,-600.00,0.017361,-0.187860,0.676544,0.000152,0.000000,0.001183,0,2803.01,12,-2.510,2.620,-12.750,28.74,-83.29,-598.76,0.038269,0.024391,-1.002713,0.000326,0.000586,0.000659,1.2076,1.2629,5.00,-1,nan,nan,2.1850,-1.3934,223020.000,225836.000
213,0.00,-75.00,-600.00,0.015419,-0.187575,0.675691,0.000202,0.000122,0.001339,0,2816.58,12,-0.120,-0.120,-12.930,0.00,-83.32,-598.91,0.043199,0.020663,-1.002608,0.000366,0.000501,0.000607,1.2010,1.2924,5.01,-1,nan,nan,2.4666,-1.1807,236588.000,239404.000
214,-25.00,-75.00,-600.00,0.015953,-0.183058,0.677177,0.000257,0.000365,0.000218,0,2830.13,12,2.620,-2.510,-12.750,-28.74,-83.29,-598.76,0.043229,0.012978,-1.002716,0.000384,0.000306,0.000377,1.1866,1.2696,5.01,-1,nan,nan,2.4684,-0.7415,250156.000,252972.000
215,-50.00,-75.00,-600.00,0.015172,-0.179373,0.677772,0.000157,0.000221,0.000284,0,2843.64,12,5.710,-4.540,-12.210,-57.48,-83.23,-598.30,0.046186,0.006204,-1.002759,0.000658,0.000450,0.000407,1.1854,1.2470,5.00,-1,nan,nan,2.6371,-0.3545,263468.000,266284.000
216,-50.00,-50.00,-600.00,0.015197,-0.176289,0.678490,0.000131,0.000216,0.000209,0,2857.15,12,3.450,-6.890,-10.280,-57.88,-55.48,-598.86,0.041531,-0.001449,-1.002853,0.000681,0.000479,0.000556,1.1876,1.2232,5.01,-1,nan,nan,2.3714,0.0828,277040.000,279856.000
217,-25.00,-50.00,-600.00,0.018975,-0.179678,0.677608,0.000168,0.000328,0.001295,0,2870.74,12,0.330,-4.850,-10.820,-28.94,-55.54,-599.35,0.035083,0.004908,-1.003148,0.000609,0.000547,0.000745,1.2183,1.2747,5.01,-1,nan,nan,2.0030,-0.2803,290616.000,293432.000
218,0.00,-50.00,-600.00,0.017745,-0.184145,0.677851,0.000142,0.000202,0.000187,0,2884.31,12,-2.430,-2.430,-11.000,-0.00,-55.56,-599.52,0.035705,0.012518,-1.002968,0.000351,0.000807,0.000519,1.1984,1.2727,5.01,-1,nan,nan,2.0387,-0.7151,304184.000,307000.000
219,25.00,-50.00,-600.00,0.021179,-0.187813,0.678028,0.000083,0.000063,0.000272,0,2897.86,12,-4.850,0.330,-10.820,28.94,-55.54,-599.35,0.028481,0.019759,-1.002939,0.000652,0.000499,0.000368,1.2146,1.2579,5.01,-1,nan,nan,1.6263,-1.1287,317752.000,320568.000
220,50.00,-50.00,-600.00,0.021272,-0.191040,0.677852,0.000062,0.000514,0.000233,0,2911.39,12,-6.890,3.450,-10.280,57.88,-55.48,-598.86,0.024735,0.028151,-1.002507,0.000877,0.000635,0.000519,1.1914,1.2445,5.00,-1,nan,nan,1.4128,-1.6085,331320.000,334136.000
221,50.00,-25.00,-600.00,0.021210,-0.193799,0.676796,0.000000,0.000231,0.000227,0,2924.87,12,-8.870,1.510,-7.970,58.15,-27.71,-599.18,0.021848,0.027707,-1.002693,0.000672,0.000548,0.000727,1.2111,1.2481,5.00,-1,nan,nan,1.2477,-1.5828,344888.000,347704.000
222,25.00,-25.00,-600.00,0.019611,-0.191619,0.677287,0.000199,0.000510,0.001417,0,2938.48,12,-6.820,-1.620,-8.510,29.08,-27.76,-599.71,0.028668,0.024147,-1.002558,0.000929,0.000589,0.000497,1.1945,1.2510,5.00,-1,nan,nan,1.6375,-1.3797,358460.000,361276.000
223,0.00,-25.00,-600.00,0.018690,-0.187805,0.677083,0.000365,0.000118,0.000275,0,2952.08,12,-4.400,-4.400,-8.690,0.00,-27.78,-599.88,0.031697,0.015673,-1.002668,0.001018,0.000871,0.000441,1.2019,1.3100,5.01,-1,nan,nan,1.8105,-0.8955,372056.000,374872.000
224,-25.00,-25.00,-600.00,0.016312,-0.184283,0.677366,0.000253,0.000207,0.000203,0,2965.66,12,-1.620,-6.820,-8.510,-29.08,-27.76,-599.71,0.036702,0.007754,-1.002657,0.000507,0.001065,0.000649,1.2386,1.3034,5.01,-1,nan,nan,2.0963,-0.4431,385624.000,388440.000
225,-50.00,-25.00,-600.00,0.018409,-0.181514,0.678052,0.000254,0.000178,0.000195,0,2979.21,12,1.510,-8.870,-7.970,-58.15,-27.71,-599.18,0.035429,0.002019,-1.002891,0.000707,0.000467,0.000743,1.2199,1.2720,5.00,-1,nan,nan,2.0232,-0.1154,399192.000,402008.000
226,-50.00,0.00,-600.00,0.020727,-0.179351,0.678599,0.000228,0.000220,0.000207,0,2992.68,12,-0.090,-10.480,-5.290,-58.27,0.06,-599.27,0.027426,-0.003404,-1.002975,0.000374,0.000523,0.000422,1.2056,1.2610,5.00,-1,nan,nan,1.5663,0.1945,412504.000,415320.000
227,-25.00,0.00,-600.00,0.021210,-0.183434,0.678278,0.000000,0.000337,0.000090,0,3006.27,11,-3.230,-8.430,-5.830,-29.14,0.02,-599.82,0.023193,0.003549,-1.002821,0.001732,0.001243,0.000592,1.1791,1.2389,5.01,-1,nan,nan,1.3249,-0.2028,426328.000,428888.000
228,0.00,0.00,-600.00,0.023223,-0.185882,0.678445,0.000119,0.000227,0.000182,0,3019.86,11,-6.010,-6.010,-6.010,-0.00,0.00,-600.00,0.018185,0.008546,-1.002671,0.000914,0.000509,0.000609,1.2181,1.2554,5.01,-1,nan,nan,1.0390,-0.4884,439896.000,442456.000
229,25.00,0.00,-600.00,0.022799,-0.187878,0.677808,0.000176,0.000060,0.000239,0,3033.42,11,-8.430,-3.230,-5.830,29.14,0.02,-599.82,0.017036,0.017332,-1.002842,0.000850,0.000724,0.000521,1.2099,1.2672,5.01,-1,nan,nan,0.9731,-0.9901,453488.000,456048.000
230,50.00,0.00,-600.00,0.024318,-0.192600,0.678019,0.000167,0.000392,0.000168,0,3046.96,12,-10.480,-0.090,-5.290,58.27,0.06,-599.27,0.013388,0.022443,-1.002742,0.000930,0.000568,0.000534,1.2198,1.2621,5.01,-1,nan,nan,0.7648,-1.2821,466800.000,469616.000
231,50.00,25.00,-600.00,0.025068,-0.196489,0.676835,0.000244,0.000179,0.000238,0,3060.42,12,-11.710,-1.350,-2.250,58.23,27.79,-599.15,0.007329,0.023974,-1.002528,0.000780,0.000567,0.000700,1.2299,1.3123,5.01,-1,nan,nan,0.4187,-1.3699,480368.000,483184.000
232,25.00,25.00,-600.00,0.021210,-0.193857,0.676398,0.000000,0.000171,0.000206,0,3074.02,12,-9.670,-4.480,-2.790,29.13,27.77,-599.70,0.018573,0.019344,-1.002790,0.000842,0.000724,0.000558,1.1897,1.2525,5.01,-1,nan,nan,1.0608,-1.1051,493936.000,496752.000
233,0.00,25.00,-600.00,0.020862,-0.187940,0.676605,0.000141,0.000099,0.000144,0,3087.60,12,-7.260,-7.260,-2.970,0.00,27.76,-599.88,0.022402,0.012827,-1.002773,0.000933,0.000712,0.000462,1.1877,1.2297,5.00,-1,nan,nan,1.2797,-0.7328,507504.000,510320.000
234,-25.00,25.00,-600.00,0.021210,-0.187780,0.677621,0.000000,0.000107,0.000207,0,3101.15,12,-4.480,-9.670,-2.790,-29.13,27.77,-599.70,0.020372,0.006050,-1.002941,0.000728,0.001019,0.000756,1.1862,1.2493,5.00,-1,nan,nan,1.1637,-0.3456,521076.000,523892.000
235,-50.00,25.00,-600.00,0.021210,-0.183524,0.678299,0.000000,0.000295,0.000210,0,3114.71,12,-1.350,-11.710,-2.250,-58.23,27.79,-599.15,0.022701,-0.002108,-1.003022,0.000640,0.000588,0.000529,1.1823,1.3156,5.00,-1,nan,nan,1.2965,0.1204,534672.000,537488.000
236,-50.00,50.00,-600.00,0.021225,-0.182643,0.678783,0.000035,0.000245,0.000171,0,3128.14,12,-2.270,-12.570,1.140,-58.03,55.50,-598.81,0.017483,-0.006250,-1.003111,0.000495,0.001109,0.000467,1.1877,1.2932,5.00,-1,nan,nan,0.9984,0.3570,547984.000,550800.000
237,-25.00,50.00,-600.00,0.025228,-0.187696,0.677426,0.000289,0.000097,0.001501,0,3141.76,11,-5.390,-10.550,0.610,-29.03,55.49,-599.35,0.009459,0.002039,-1.002970,0.000714,0.000719,0.000700,1.2104,1.2703,5.01,-1,nan,nan,0.5403,-0.1165,561808.000,564368.000
238,0.00,50.00,-600.00,0.025786,-0.187983,0.677941,0.000204,0.000131,0.000176,0,3155.35,11,-8.150,-8.150,0.430,-0.00,55.49,-599.54,0.007387,0.008908,-1.003114,0.000686,0.000740,0.000623,1.2103,1.2734,5.00,-1,nan,nan,0.4219,-0.5088,575376.000,577936.000
239,25.00,50.00,-600.00,0.029682,-0.193884,0.678321,0.000259,0.000138,0.000228,0,3168.92,11,-10.550,-5.390,0.610,29.03,55.49,-599.35,0.001868,0.014436,-1.002791,0.000720,0.000819,0.000647,1.2042,1.2518,5.00,-1,nan,nan,0.1067,-0.8248,588944.000,591504.000
240,50.00,50.00,-600.00,0.029128,-0.196950,0.676547,0.000310,0.000000,0.000275,0,3182.44,12,-12.570,-2.270,1.140,58.03,55.50,-598.81,-0.000075,0.024039,-1.002505,0.000598,0.000473,0.000483,1.2215,1.2954,5.01,-1,nan,nan,-0.0043,-1.3736,602256.000,605076.000
241,50.00,75.00,-600.00,0.029569,-0.197491,0.676295,0.000189,0.000191,0.000219,0,3195.86,12,-13.050,-2.850,4.860,57.64,83.19,-598.27,-0.002973,0.023888,-1.002163,0.000954,0.000755,0.000810,1.2120,1.2999,5.01,-1,nan,nan,-0.1699,-1.3654,615860.000,618676.000
242,25.00,75.00,-600.00,0.024398,-0.196950,0.676557,0.000136,0.000000,0.000175,0,3209.44,12,-11.060,-5.950,4.340,28.84,83.19,-598.79,0.004562,0.017828,-1.002900,0.000432,0.000653,0.000791,1.2093,1.2681,5.01,-1,nan,nan,0.2606,-1.0184,629428.000,632244.000
243,0.00,75.00,-600.00,0.023157,-0.193918,0.676854,0.000253,0.000163,0.001342,0,3223.01,12,-8.690,-8.690,4.160,0.00,83.19,-598.97,0.008408,0.010229,-1.003144,0.000583,0.000628,0.000724,1.2143,1.2795,5.00,-1,nan,nan,0.4802,-0.5842,642996.000,645812.000
244,-25.00,75.00,-600.00,0.024051,-0.188311,0.677946,0.000182,0.000336,0.000186,0,3236.58,12,-5.950,-11.060,4.340,-28.84,83.19,-598.79,0.008477,0.004249,-1.002911,0.000815,0.000594,0.000605,1.2189,1.2697,5.01,-1,nan,nan,0.4843,-0.2428,656564.000,659380.000
245,-50.00,75.00,-600.00,0.021662,-0.186880,0.678694,0.000142,0.000275,0.000074,0,3250.09,11,-2.850,-13.050,4.860,-57.64,83.19,-598.27,0.013510,-0.005087,-1.002737,0.000585,0.000345,0.000387,1.2025,1.3149,5.00,-1,nan,nan,0.7719,0.2907,670132.000,672692.000
246,-50.00,100.00,-600.00,0.023874,-0.187823,0.678824,0.000155,0.000060,0.000105,0,3263.50,12,-3.090,-13.170,8.900,-57.06,110.86,-597.52,0.007603,-0.006888,-1.003019,0.000910,0.000800,0.000986,1.2088,1.2676,5.00,-1,nan,nan,0.4343,0.3934,683448.000,686272.000
247,-25.00,100.00,-600.00,0.029115,-0.188722,0.678292,0.000254,0.000312,0.000195,0,3277.08,12,-6.160,-11.200,8.380,-28.55,110.88,-598.01,-0.001167,0.000698,-1.002712,0.000478,0.000725,0.000453,1.2007,1.2914,5.01,-1,nan,nan,-0.0667,-0.0399,697040.000,699856.000
248,0.00,100.00,-600.00,0.030212,-0.195075,0.677503,0.000077,0.000245,0.000184,0,3290.62,12,-8.870,-8.870,8.210,-0.00,110.89,-598.17,-0.003623,0.007926,-1.002770,0.000640,0.000463,0.000793,1.2109,1.2820,5.01,-1,nan,nan,-0.2070,-0.4529,710608.000,713424.000
249,25.00,100.00,-600.00,0.033625,-0.196950,0.677808,0.000116,0.000000,0.000154,0,3304.15,11,-11.200,-6.160,8.380,28.55,110.88,-598.01,-0.008662,0.013010,-1.002491,0.000917,0.000695,0.000710,1.1992,1.2480,5.01,-1,nan,nan,-0.4950,-0.7435,724176.000,726736.000
250,50.00,100.00,-600.00,0.031159,-0.198884,0.676096,0.000344,0.000231,0.000143,0,3317.66,12,-13.170,-3.090,8.900,57.06,110.86,-597.52,-0.008253,0.020964,-1.002511,0.000663,0.000742,0.000769,1.1977,1.2819,5.01,-1,nan,nan,-0.4715,-1.1980,737488.000,740304.000
251,50.00,125.00,-600.00,0.034888,-0.200377,0.676003,0.000202,0.000127,0.001143,0,3331.08,12,-12.910,-2.980,13.230,56.27,138.55,-596.57,-0.016313,0.019453,-1.002284,0.000360,0.001001,0.000697,1.2063,1.3194,5.01,-1,nan,nan,-0.9323,-1.1119,751056.000,753872.000
252,25.00,125.00,-600.00,0.030154,-0.197122,0.677537,0.000128,0.000073,0.000208,0,3344.61,11,-10.990,-6.020,12.720,28.16,138.57,-597.01,-0.009137,0.013364,-1.002557,0.000732,0.000467,0.000788,1.1805,1.2376,5.01,-1,nan,nan,-0.5221,-0.7637,764624.000,767188.000
253,0.00,125.00,-600.00,0.027650,-0.196950,0.677653,0.000155,0.000000,0.000255,0,3358.12,12,-8.690,-8.690,12.540,-0.00,138.58,-597.15,-0.004862,0.007179,-1.002858,0.000894,0.001047,0.000834,1.2036,1.2681,5.01,-1,nan,nan,-0.2778,-0.4102,777980.000,780796.000
254,-25.00,125.00,-600.00,0.027175,-0.194214,0.678386,0.000112,0.000161,0.000183,0,3371.61,12,-6.020,-10.990,12.720,-28.16,138.57,-597.01,-0.001702,0.000463,-1.003068,0.000877,0.001016,0.000890,1.1928,1.2863,5.00,-1,nan,nan,-0.0972,-0.0264,791548.000,794364.000
255,-50.00,125.00,-600.00,0.024891,-0.187999,0.678705,0.000108,0.000192,0.000126,0,3385.08,11,-2.980,-12.910,13.230,-56.27,138.55,-596.57,0.002765,-0.006643,-1.002973,0.000571,0.000733,0.000807,1.2094,1.2599,5.01,-1,nan,nan,0.1580,0.3795,805116.000,807676.000
256,-50.00,150.00,-600.00,0.028948,-0.192613,0.678894,0.000232,0.000369,0.000141,0,3398.49,12,-2.550,-12.300,17.830,-55.27,166.27,-595.39,-0.005025,-0.007835,-1.002696,0.000809,0.000646,0.000499,1.2040,1.2801,5.01,-1,nan,nan,-0.2871,0.4477,818428.000,821244.000
257,-25.00,150.00,-600.00,0.032609,-0.196915,0.678607,0.000214,0.000048,0.000132,0,3411.95,11,-5.540,-10.420,17.320,-27.66,166.29,-595.77,-0.012205,-0.000556,-1.002765,0.000387,0.000710,0.001014,1.2091,1.2483,5.00,-1,nan,nan,-0.6974,0.0318,831996.000,834556.000
258,0.00,150.00,-600.00,0.035094,-0.197045,0.678338,0.000201,0.000083,0.000094,0,3425.43,12,-8.160,-8.160,17.150,0.00,166.30,-595.90,-0.016141,0.005754,-1.002605,0.000622,0.000758,0.000953,1.1820,1.2481,5.01,-1,nan,nan,-0.9223,-0.3288,845316.000,848136.000
259,25.00,150.00,-600.00,0.037826,-0.199866,0.678313,0.000256,0.000120,0.000230,0,3438.87,11,-10.420,-5.540,17.320,27.66,166.29,-595.77,-0.020462,0.011077,-1.002127,0.000392,0.000568,0.001000,1.2062,1.2610,5.00,-1,nan,nan,-1.1697,-0.6333,858908.000,861468.000
260,50.00,150.00,-600.00,0.039390,-0.201706,0.676851,0.000000,0.000264,0.001414,0,3452.32,12,-12.300,-2.550,17.830,55.27,166.27,-595.39,-0.024177,0.015629,-1.001858,0.000410,0.000742,0.001078,1.2024,1.2917,5.01,-1,nan,nan,-1.3822,-0.8938,872220.000,875036.000
