idx,x_mm,y_mm,z_mm,Bx_G,By_G,Bz_G,Bx_std_G,By_std_G,Bz_std_G,err,t_s,n_samples,deg1,deg2,deg3,sent_x_mm,sent_y_mm,sent_z_mm,ax_g,ay_g,az_g,ax_std_g,ay_std_g,az_std_g,gyro_rms_dps,gyro_max_dps,settle_s,settled,pitch_deg,roll_deg,acc_pitch_deg,acc_roll_deg,spatial_t_first_ms,spatial_t_last_ms
1,-50.00,-150.00,-700.00,-0.094839,-0.361126,0.839512,0.001166,0.001192,0.001496,0,26.50,20,43.830,35.520,16.790,-59.65,-169.69,-694.24,0.056442,0.025062,-1.000436,0.013844,0.012620,0.004270,0.7100,1.2985,5.00,-1,,,3.2280,-1.4350,94376.000,94756.000
2,-25.00,-150.00,-700.00,-0.066281,-0.374282,0.855977,0.000631,0.000901,0.000955,0,37.54,20,41.300,37.140,16.290,-29.82,-169.55,-694.88,0.055466,0.020434,-1.000836,0.003804,0.002783,0.004760,0.2643,0.5168,5.00,-1,,,3.1714,-1.1696,105412.000,105792.000
3,0.00,-150.00,-700.00,-0.026967,-0.385392,0.869509,0.000642,0.000757,0.000311,0,48.56,20,39.070,39.070,16.120,0.00,-169.50,-695.09,0.051731,0.023314,-1.000717,0.003376,0.003123,0.005345,0.3489,0.6105,5.00,-1,,,2.9584,-1.3346,116416.000,116800.000
4,25.00,-150.00,-700.00,0.009545,-0.390769,0.874282,0.000954,0.000311,0.001579,0,59.60,20,37.140,41.300,16.290,29.82,-169.55,-694.88,0.047535,0.026725,-1.001474,0.005497,0.003804,0.008878,0.3491,0.7041,5.00,-1,,,2.7165,-1.5286,127428.000,127848.000
5,50.00,-150.00,-700.00,0.055854,-0.384987,0.855899,0.000947,0.000443,0.001804,0,70.58,20,35.520,43.830,16.790,59.65,-169.69,-694.24,0.037889,0.032723,-1.001230,0.002778,0.003787,0.006937,0.3112,0.5299,5.00,-1,,,2.1660,-1.8719,138444.000,138824.000
6,50.00,-125.00,-700.00,0.070120,-0.386427,0.925211,0.000641,0.001082,0.001181,0,81.47,20,32.320,40.910,17.570,60.51,-142.12,-695.56,0.035765,0.027793,-1.001438,0.004978,0.003409,0.004371,0.3123,0.5598,5.00,-1,,,2.0446,-1.5897,149344.000,149724.000
7,25.00,-125.00,-700.00,0.023130,-0.402940,0.950410,0.000891,0.000398,0.001765,0,92.56,20,34.000,38.310,17.060,30.25,-141.94,-696.25,0.046540,0.030258,-1.001154,0.003872,0.009410,0.006440,0.4559,0.8003,5.00,-1,,,2.6604,-1.7311,160424.000,160804.000
8,0.00,-125.00,-700.00,-0.023081,-0.405541,0.960535,0.000568,0.000683,0.000810,0,103.61,20,36.000,36.000,16.900,0.00,-141.88,-696.48,0.050360,0.031273,-1.000659,0.003009,0.002902,0.008826,0.2577,0.5341,5.00,-1,,,2.8797,-1.7900,171488.000,171868.000
9,-25.00,-125.00,-700.00,-0.084816,-0.385947,0.949680,0.000644,0.000896,0.000875,0,114.66,20,38.310,34.000,17.060,-30.25,-141.94,-696.25,0.055035,0.024166,-1.000978,0.002203,0.002377,0.003063,0.2018,0.3268,5.00,-1,,,3.1461,-1.3830,182528.000,182908.000
10,-50.00,-125.00,-700.00,-0.120796,-0.345496,0.911626,0.001005,0.000340,0.001406,0,125.69,20,40.910,32.320,17.570,-60.51,-142.12,-695.56,0.057984,0.007567,-1.001259,0.002007,0.004921,0.006612,0.3227,0.5459,5.00,-1,,,3.3142,-0.4330,193544.000,193924.000
11,-50.00,-100.00,-700.00,-0.151702,-0.318150,0.966520,0.001365,0.000000,0.000516,0,136.59,20,38.320,29.480,18.680,-61.13,-114.24,-696.72,0.051160,0.004455,-1.001089,0.001267,0.003194,0.008785,0.2392,0.4232,5.00,-1,,,2.9255,-0.2550,204452.000,204840.000
12,-25.00,-100.00,-700.00,-0.098502,-0.349208,1.018460,0.001068,0.001253,0.000981,0,147.70,20,35.650,31.230,18.180,-30.56,-114.02,-697.45,0.046499,0.010803,-1.001686,0.003695,0.005469,0.010269,0.3347,0.4830,5.00,-1,,,2.6576,-0.6179,215560.000,215940.000
13,0.00,-100.00,-700.00,-0.032043,-0.372538,1.041260,0.001385,0.000678,0.001288,0,158.78,20,33.290,33.290,18.010,0.00,-113.95,-697.69,0.043279,0.018243,-1.000704,0.003731,0.003384,0.005298,0.2835,0.4552,5.00,-1,,,2.4760,-1.0444,226640.000,227020.000
14,25.00,-100.00,-700.00,0.036411,-0.375443,1.038307,0.000801,0.000601,0.000874,0,169.83,20,31.230,35.650,18.180,30.56,-114.02,-697.45,0.035977,0.021871,-1.001122,0.004089,0.005922,0.008974,0.4416,0.7211,5.00,-1,,,2.0576,-1.2515,237688.000,238068.000
15,50.00,-100.00,-700.00,0.099990,-0.370064,0.996643,0.000000,0.000877,0.000665,0,180.85,20,29.480,38.320,18.680,61.13,-114.24,-696.72,0.031772,0.027841,-1.000511,0.001910,0.003414,0.006173,0.2486,0.4919,5.00,-1,,,1.8181,-1.5939,248708.000,249088.000
16,50.00,-75.00,-700.00,0.127260,-0.330044,1.063581,0.000000,0.000553,0.000226,0,191.80,20,27.000,36.020,20.110,61.52,-86.09,-697.67,0.025016,0.021586,-1.000414,0.003115,0.005326,0.004140,0.3070,0.6060,5.00,-1,,,1.4321,-1.2361,259628.000,260036.000
17,25.00,-75.00,-700.00,0.055703,-0.331231,1.118095,0.000822,0.000785,0.000418,0,202.93,20,28.790,33.310,19.620,30.77,-85.84,-698.42,0.037563,0.023398,-1.000469,0.001871,0.002606,0.005179,0.2465,0.4148,5.00,-1,,,2.1496,-1.3398,270800.000,271180.000
18,0.00,-75.00,-700.00,-0.024442,-0.330270,1.129231,0.000684,0.000000,0.001145,0,214.04,20,30.900,30.900,19.450,-0.00,-85.76,-698.67,0.043869,0.021831,-1.001789,0.003529,0.004702,0.009125,0.3745,0.5861,5.00,-1,,,2.5069,-1.2484,281900.000,282280.000
19,-25.00,-75.00,-700.00,-0.109080,-0.303000,1.103603,0.000000,0.000000,0.001001,0,225.12,20,33.310,28.790,19.620,-30.77,-85.84,-698.42,0.047095,0.013972,-1.001585,0.005606,0.003375,0.005828,0.3361,0.5692,5.00,-1,,,2.6918,-0.7992,292976.000,293364.000
20,-50.00,-75.00,-700.00,-0.167738,-0.272498,1.034722,0.000552,0.000501,0.000843,0,236.17,20,36.020,27.000,20.110,-61.52,-86.09,-697.67,0.046661,0.008252,-1.000581,0.001877,0.003338,0.004967,0.3558,0.6220,5.00,-1,,,2.6699,-0.4725,304024.000,304404.000
21,-50.00,-50.00,-700.00,-0.170388,-0.211924,1.057722,0.000760,0.000441,0.000724,0,247.13,20,34.030,24.860,21.870,-61.70,-57.72,-698.39,0.042474,0.000567,-1.001643,0.005650,0.004006,0.009625,0.2832,0.5106,5.00,-1,,,2.4282,-0.0324,314984.000,315368.000
22,-25.00,-50.00,-700.00,-0.111935,-0.230634,1.133068,0.000986,0.000571,0.000370,0,258.25,20,31.280,26.690,21.380,-30.86,-57.44,-699.14,0.040734,0.006161,-1.001394,0.005247,0.003496,0.003773,0.3408,0.6243,5.00,-1,,,2.3293,-0.3525,326108.000,326488.000
23,0.00,-50.00,-700.00,-0.015049,-0.248460,1.179454,0.000452,0.000000,0.000724,0,269.36,20,28.830,28.830,21.210,0.00,-57.35,-699.40,0.034097,0.010470,-1.001586,0.003552,0.004151,0.006143,0.3660,0.6506,5.00,-1,,,1.9497,-0.5989,337208.000,337588.000
24,25.00,-50.00,-700.00,0.067621,-0.263610,1.169404,0.000851,0.000000,0.000441,0,280.43,20,26.690,31.280,21.380,30.86,-57.44,-699.14,0.026184,0.017913,-1.001780,0.003876,0.004109,0.003704,0.3652,0.5840,5.00,-1,,,1.4970,-1.0244,348288.000,348668.000
25,50.00,-50.00,-700.00,0.153495,-0.265202,1.103577,0.002562,0.002131,0.002767,0,291.50,20,24.860,34.030,21.870,61.70,-57.72,-698.39,0.021664,0.022472,-1.001275,0.017202,0.015770,0.006948,1.0704,1.8317,5.00,-1,,,1.2392,-1.2857,359348.000,359728.000
26,50.00,-25.00,-700.00,0.167737,-0.197000,1.118146,0.000808,0.000226,0.000340,0,302.43,20,23.070,32.340,23.940,61.67,-29.16,-698.85,0.022231,0.024865,-1.001679,0.002230,0.004129,0.005956,0.2795,0.4654,5.00,-1,,,1.2710,-1.4220,370288.000,370668.000
27,25.00,-25.00,-700.00,0.081810,-0.172685,1.180287,0.000000,0.000644,0.001471,0,313.56,20,24.920,29.560,23.450,30.85,-28.85,-699.60,0.036441,0.020443,-1.001381,0.005711,0.005713,0.005176,0.3453,0.5501,5.00,-1,,,2.0837,-1.1695,381408.000,381788.000
28,0.00,-25.00,-700.00,-0.007122,-0.165262,1.195714,0.000866,0.001035,0.001464,0,324.69,20,27.090,27.090,23.290,0.00,-28.76,-699.85,0.036777,0.017247,-1.001348,0.002781,0.005464,0.005539,0.3487,0.5822,5.00,-1,,,2.1031,-0.9868,392524.000,392920.000
29,-25.00,-25.00,-700.00,-0.096961,-0.145440,1.152057,0.000713,0.000000,0.000869,0,335.80,20,29.560,24.920,23.450,-30.85,-28.85,-699.60,0.038261,0.009423,-1.001402,0.004272,0.002650,0.007684,0.2528,0.4903,5.00,-1,,,2.1880,-0.5391,403644.000,404024.000
30,-50.00,-25.00,-700.00,-0.158521,-0.142410,1.084942,0.000802,0.000000,0.000528,0,346.85,20,32.340,23.070,23.940,-61.67,-29.16,-698.85,0.041190,0.007761,-1.001406,0.003971,0.002725,0.003908,0.2434,0.4649,5.00,-1,,,2.3553,-0.4440,414704.000,415084.000
31,-50.00,0.00,-700.00,-0.136451,-0.069741,1.073579,0.000311,0.000226,0.001838,0,357.78,20,30.950,21.620,26.310,-61.43,-0.43,-699.03,0.029185,-0.001396,-1.000626,0.003421,0.005524,0.005194,0.3203,0.4952,5.00,-1,,,1.6707,0.0800,425624.000,426004.000
32,-25.00,0.00,-700.00,-0.067115,-0.069792,1.128348,0.000674,0.000726,0.000774,0,368.92,20,28.150,23.480,25.830,-30.73,-0.11,-699.76,0.022392,0.000530,-1.001905,0.002042,0.004200,0.007080,0.2455,0.4373,5.00,-1,,,1.2803,-0.0303,436764.000,437144.000
33,0.00,0.00,-700.00,0.006667,-0.074969,1.164935,0.000727,0.000961,0.000978,0,380.02,20,25.660,25.660,25.660,-0.00,0.00,-700.00,0.024186,0.006507,-1.000989,0.003439,0.003674,0.010684,0.2883,0.5119,5.00,-1,,,1.3841,-0.3725,447864.000,448244.000
34,25.00,0.00,-700.00,0.093982,-0.096657,1.159733,0.000967,0.000552,0.001264,0,391.09,20,23.480,28.150,25.830,30.73,-0.11,-699.76,0.027343,0.020754,-1.000986,0.003844,0.005029,0.006207,0.3445,0.5754,5.00,-1,,,1.5644,-1.1877,458944.000,459324.000
35,50.00,0.00,-700.00,0.172308,-0.115140,1.103147,0.000811,0.000000,0.000478,0,402.15,20,21.620,30.950,26.310,61.43,-0.43,-699.03,0.018929,0.020480,-1.001157,0.002332,0.005145,0.007460,0.3027,0.4881,5.00,-1,,,1.0829,-1.1719,469988.000,470368.000
36,50.00,25.00,-700.00,0.169731,-0.063630,1.053229,0.000226,0.000000,0.001140,0,413.06,20,20.510,29.860,28.990,60.96,28.45,-698.93,0.022030,0.023075,-1.001812,0.004231,0.004460,0.004468,0.3098,0.5243,5.00,-1,,,1.2594,-1.3194,480920.000,481300.000
37,25.00,25.00,-700.00,0.097112,-0.023029,1.078807,0.000370,0.001241,0.000730,0,424.16,20,22.370,27.050,28.500,30.50,28.78,-699.61,0.016956,0.013731,-1.002666,0.002316,0.002532,0.007024,0.2262,0.4165,5.00,-1,,,0.9688,-0.7846,492000.000,492380.000
38,0.00,25.00,-700.00,0.021135,-0.010127,1.084538,0.000596,0.000686,0.000622,0,435.23,20,24.560,24.560,28.340,0.00,28.89,-699.84,0.023207,0.009588,-1.002422,0.002821,0.004615,0.007720,0.2969,0.5304,5.00,-1,,,1.3262,-0.5480,503080.000,503460.000
39,-25.00,25.00,-700.00,-0.046335,-0.006060,1.070828,0.000940,0.000000,0.001093,0,446.28,20,27.050,22.370,28.500,-30.50,28.78,-699.61,0.026013,0.002672,-1.001090,0.001638,0.007093,0.005491,0.4867,0.8833,5.00,-1,,,1.4884,-0.1530,514120.000,514500.000
40,-50.00,25.00,-700.00,-0.106555,-0.013763,1.018030,0.000592,0.001021,0.000226,0,457.33,20,29.860,20.510,28.990,-60.96,28.45,-698.93,0.028001,0.001509,-1.001586,0.002374,0.004805,0.009556,0.2785,0.3820,5.00,-1,,,1.6014,-0.0864,525168.000,525548.000
41,-50.00,50.00,-700.00,-0.082342,0.009090,0.955714,0.001118,0.000000,0.001105,0,468.23,20,29.070,19.730,31.960,-60.29,57.46,-698.51,0.021885,-0.005076,-1.001210,0.003247,0.002979,0.004351,0.2364,0.4221,5.00,-1,,,1.2522,0.2905,536088.000,536468.000
42,-25.00,50.00,-700.00,-0.024139,0.023963,1.007198,0.001533,0.000577,0.001153,0,479.31,20,26.270,21.600,31.480,-30.16,57.80,-699.15,0.012912,0.001249,-1.001866,0.001860,0.004211,0.007291,0.2719,0.4706,5.00,-1,,,0.7384,-0.0715,547148.000,547528.000
43,0.00,50.00,-700.00,0.033684,0.015807,1.002627,0.000658,0.000805,0.000577,0,490.38,20,23.780,23.780,31.320,-0.00,57.92,-699.36,0.011098,0.006048,-1.002523,0.002857,0.006367,0.009872,0.3352,0.5097,5.00,-1,,,0.6342,-0.3456,558216.000,558604.000
44,25.00,50.00,-700.00,0.100975,0.006262,1.014772,0.000890,0.000414,0.000504,0,501.41,20,21.600,26.270,31.480,30.16,57.80,-699.15,0.010450,0.012883,-1.001419,0.002700,0.001721,0.004886,0.2370,0.3696,5.00,-1,,,0.5978,-0.7371,569252.000,569636.000
45,50.00,50.00,-700.00,0.155010,-0.014293,0.982782,0.000705,0.000836,0.000969,0,512.38,20,19.730,29.070,31.960,60.29,57.46,-698.51,0.012606,0.016578,-1.001321,0.003056,0.004390,0.004429,0.2736,0.4275,5.00,-1,,,0.7212,-0.9485,580236.000,580616.000
46,50.00,75.00,-700.00,0.133269,-0.003030,0.902990,0.000398,0.000000,0.001686,0,523.29,20,19.310,28.600,35.230,59.38,86.62,-697.78,0.008610,0.017604,-1.000193,0.004511,0.002867,0.012426,0.2450,0.4063,5.00,-1,,,0.4931,-1.0083,591136.000,591516.000
47,25.00,75.00,-700.00,0.084840,0.013560,0.918090,0.000328,0.000987,0.002217,0,534.31,20,21.150,25.800,34.740,29.71,86.95,-698.34,0.013842,0.016865,-1.001437,0.004456,0.007607,0.004756,0.4041,0.7214,5.00,-1,,,0.7918,-0.9648,602156.000,602536.000
48,0.00,75.00,-700.00,0.039390,0.024240,0.911955,0.000000,0.000000,0.000720,0,545.31,20,23.320,23.320,34.580,0.00,87.06,-698.53,0.014947,0.009959,-1.001751,0.002241,0.006844,0.011370,0.3945,0.6844,5.00,-1,,,0.8548,-0.5696,613156.000,613536.000
49,-25.00,75.00,-700.00,0.000557,0.030300,0.911248,0.000732,0.000000,0.000919,0,556.30,20,25.800,21.150,34.740,-29.71,86.95,-698.34,0.010530,0.002930,-1.001050,0.003040,0.004306,0.005050,0.2665,0.4316,5.00,-1,,,0.6027,-0.1677,624136.000,624516.000
50,-50.00,75.00,-700.00,-0.049920,0.021210,0.881453,0.001272,0.000000,0.000904,0,567.25,20,28.600,19.310,35.230,-59.38,86.62,-697.78,0.016932,-0.003314,-1.001260,0.008794,0.014077,0.004071,0.7462,1.1102,5.00,-1,,,0.9688,0.1896,635096.000,635476.000
51,-50.00,100.00,-700.00,-0.033330,0.018004,0.827847,0.000000,0.000441,0.001238,0,578.18,20,28.450,19.220,38.780,-58.26,115.93,-696.69,0.011812,-0.007471,-1.000606,0.004576,0.006972,0.008505,0.3495,0.5700,5.01,-1,,,0.6763,0.4278,646008.000,646396.000
52,-25.00,100.00,-700.00,0.011968,0.024417,0.842592,0.000370,0.000443,0.000556,0,589.17,20,25.660,21.050,38.290,-29.15,116.24,-697.17,-0.000699,-0.001244,-1.001473,0.003342,0.003549,0.005350,0.2542,0.4746,5.01,-1,,,-0.0400,0.0712,657004.000,657384.000
53,0.00,100.00,-700.00,0.039693,0.017903,0.841583,0.000475,0.000601,0.001003,0,600.17,20,23.190,23.190,38.120,-0.00,116.34,-697.33,0.004609,0.004877,-1.001193,0.003285,0.006652,0.007912,0.3426,0.5536,5.01,-1,,,0.2638,-0.2791,668004.000,668384.000
54,25.00,100.00,-700.00,0.082138,0.014999,0.847037,0.000526,0.000678,0.001890,0,611.16,20,21.050,25.660,38.290,29.15,116.24,-697.17,0.000270,0.007057,-1.001362,0.003378,0.004472,0.003989,0.2360,0.4170,5.01,-1,,,0.0154,-0.4038,678984.000,679364.000
55,50.00,100.00,-700.00,0.115948,-0.000354,0.833352,0.001294,0.000735,0.000535,0,622.07,20,19.220,28.450,38.780,58.26,115.93,-696.69,0.001734,0.011312,-1.001853,0.005753,0.003533,0.008114,0.2925,0.4197,5.01,-1,,,0.0991,-0.6469,689924.000,690304.000
56,50.00,125.00,-700.00,0.098628,-0.018054,0.772448,0.000837,0.000396,0.000501,0,632.98,20,19.500,28.620,42.610,56.90,145.43,-695.22,-0.004668,0.009739,-1.000797,0.003977,0.003773,0.007633,0.2549,0.3893,5.01,-1,,,-0.2673,-0.5575,700824.000,701204.000
57,25.00,125.00,-700.00,0.069639,-0.009014,0.778206,0.000226,0.000338,0.000654,0,643.92,20,21.290,25.850,42.120,28.47,145.70,-695.61,-0.001355,0.010098,-1.000585,0.001716,0.004559,0.004224,0.2557,0.4278,5.01,-1,,,-0.0776,-0.5782,711764.000,712144.000
58,0.00,125.00,-700.00,0.039972,-0.003233,0.775680,0.000701,0.000504,0.000328,0,654.82,20,23.410,23.410,41.950,-0.00,145.79,-695.75,0.001393,0.005455,-1.000738,0.004933,0.007228,0.006216,0.3199,0.5512,5.01,-1,,,0.0798,-0.3123,722664.000,723044.000
59,-25.00,125.00,-700.00,0.021210,0.000000,0.773609,0.000328,0.000000,0.001408,0,665.72,20,25.850,21.290,42.120,-28.47,145.70,-695.61,-0.000636,0.001579,-1.000949,0.003929,0.002101,0.007120,0.2439,0.5396,5.01,-1,,,-0.0364,-0.0904,733548.000,733944.000
60,-50.00,125.00,-700.00,-0.006567,0.000000,0.769065,0.000716,0.000000,0.002110,0,676.59,20,28.620,19.500,42.610,-56.90,145.43,-695.22,0.006352,-0.008597,-1.001737,0.004157,0.003548,0.003064,0.2556,0.4472,5.00,-1,,,0.3633,0.4917,744420.000,744804.000
61,-50.00,150.00,-700.00,0.000380,-0.015201,0.741366,0.000835,0.000226,0.003554,0,687.50,20,29.140,20.130,46.730,-55.32,175.17,-693.31,0.002621,-0.009313,-1.001244,0.003055,0.005468,0.004346,0.2912,0.5648,5.00,-1,,,0.1500,0.5329,755344.000,755724.000
62,-25.00,150.00,-700.00,0.024493,-0.018180,0.742527,0.000794,0.000000,0.000443,0,698.35,20,26.400,21.890,46.230,-27.68,175.37,-693.62,-0.009136,-0.003966,-1.001174,0.003745,0.003712,0.008168,0.2880,0.6138,5.01,-1,,,-0.5228,0.2269,766184.000,766564.000
63,0.00,150.00,-700.00,0.041437,-0.021816,0.739244,0.000858,0.000668,0.000338,0,709.22,20,23.980,23.980,46.060,0.00,175.44,-693.72,-0.008085,-0.002904,-1.001127,0.011637,0.009860,0.007970,0.5078,0.8000,5.01,-1,,,-0.4627,0.1662,777044.000,777424.000
64,25.00,150.00,-700.00,0.069942,-0.027219,0.740458,0.000449,0.000226,0.000674,0,720.05,20,21.890,26.400,46.230,27.68,175.37,-693.62,-0.012509,0.006238,-1.000569,0.002025,0.004629,0.005203,0.2570,0.3961,5.01,-1,,,-0.7162,-0.3572,787876.000,788256.000
65,50.00,150.00,-700.00,0.088426,-0.036184,0.736189,0.000732,0.000550,0.000311,0,730.86,20,20.130,29.140,46.730,55.32,175.17,-693.31,-0.012153,0.008689,-1.000428,0.007487,0.004314,0.005866,0.4058,0.6502,5.00,-1,,,-0.6959,-0.4976,798696.000,799076.000
66,-50.00,-150.00,-666.67,-0.071813,-0.298960,0.819313,0.000645,0.001351,0.001092,0,1682.51,20,33.800,25.100,5.880,-58.05,-168.50,-661.26,0.059271,0.021309,-1.001119,0.006781,0.012668,0.004823,0.6285,1.0232,5.00,-1,,,3.3874,-1.2193,62516.000,62896.000
67,-25.00,-150.00,-666.67,-0.054540,-0.302975,0.832973,0.000000,0.000416,0.001523,0,1693.48,20,31.180,26.820,5.390,-29.02,-168.44,-661.77,0.061134,0.018763,-1.002617,0.006887,0.003383,0.007848,0.3427,0.5432,5.00,-1,,,3.4886,-1.0721,73488.000,73868.000
68,0.00,-150.00,-666.67,-0.017702,-0.308808,0.839437,0.000757,0.000449,0.000675,0,1704.44,20,28.850,28.850,5.230,0.00,-168.42,-661.94,0.050133,0.016519,-1.002412,0.005455,0.003267,0.005286,0.3331,0.6307,5.00,-1,,,2.8627,-0.9441,84448.000,84828.000
69,25.00,-150.00,-666.67,0.011413,-0.315423,0.838149,0.001230,0.000475,0.001088,0,1715.40,20,26.820,31.180,5.390,29.02,-168.44,-661.77,0.049816,0.026393,-1.002040,0.023375,0.007750,0.005124,0.8204,1.2940,5.00,-1,,,2.8451,-1.5088,95408.000,95788.000
70,50.00,-150.00,-666.67,0.034897,-0.324109,0.827367,0.001086,0.000311,0.000443,0,1726.32,20,25.100,33.800,5.880,58.05,-168.50,-661.26,0.052766,0.038978,-1.001031,0.002901,0.002860,0.008521,0.2922,0.4604,5.00,-1,,,3.0151,-2.2299,106328.000,106708.000
71,50.00,-125.00,-666.67,0.043329,-0.316965,0.866909,0.001700,0.000901,0.000599,0,1737.22,20,21.900,30.870,6.730,58.93,-140.94,-662.55,0.044537,0.035951,-1.001715,0.001846,0.003609,0.006020,0.3287,0.5474,5.00,-1,,,2.5441,-2.0554,117228.000,117608.000
72,25.00,-125.00,-666.67,0.008358,-0.325068,0.896528,0.000948,0.001476,0.001160,0,1748.24,20,23.690,28.180,6.240,29.46,-140.86,-663.12,0.051907,0.036098,-1.001413,0.004508,0.002555,0.003140,0.3135,0.5560,5.00,-1,,,2.9653,-2.0645,128236.000,128616.000
73,0.00,-125.00,-666.67,-0.023887,-0.317974,0.902436,0.000593,0.000441,0.000654,0,1759.23,20,25.790,25.790,6.080,-0.00,-140.83,-663.31,0.059186,0.030223,-1.001369,0.002975,0.006449,0.008111,0.3917,0.6496,5.00,-1,,,3.3810,-1.7287,139236.000,139616.000
74,-25.00,-125.00,-666.67,-0.054692,-0.305324,0.885038,0.000370,0.000682,0.000580,0,1770.20,20,28.180,23.690,6.240,-29.46,-140.86,-663.12,0.051803,0.023051,-1.002298,0.003425,0.002365,0.007896,0.4042,0.6344,5.00,-1,,,2.9579,-1.3175,150200.000,150580.000
75,-50.00,-125.00,-666.67,-0.082291,-0.288710,0.862086,0.000625,0.000772,0.001621,0,1781.16,20,30.870,21.900,6.730,-58.93,-140.94,-662.55,0.053601,0.020981,-1.001616,0.004256,0.005712,0.005264,0.3516,0.6445,5.00,-1,,,3.0626,-1.2000,161160.000,161540.000
76,-50.00,-100.00,-666.67,-0.084840,-0.257550,0.907158,0.000000,0.000000,0.000917,0,1792.07,20,28.250,19.050,7.920,-59.60,-113.13,-663.66,0.050539,0.000821,-1.002447,0.006321,0.003043,0.008404,0.3082,0.5234,5.00,-1,,,2.8862,-0.0469,172080.000,172460.000
77,-25.00,-100.00,-666.67,-0.059691,-0.284820,0.926878,0.000906,0.000000,0.000642,0,1803.12,20,25.490,20.890,7.430,-29.80,-113.03,-664.27,0.054084,0.016560,-1.002082,0.008921,0.005125,0.007753,0.4067,0.6219,5.00,-1,,,3.0889,-0.9468,183124.000,183504.000
78,0.00,-100.00,-666.67,-0.012019,-0.298077,0.940008,0.000452,0.001009,0.000704,0,1814.17,20,23.040,23.040,7.270,0.00,-112.99,-664.48,0.043388,0.027359,-1.001397,0.002862,0.003307,0.007564,0.2762,0.4772,5.00,-1,,,2.4800,-1.5650,194164.000,194544.000
79,25.00,-100.00,-666.67,0.011666,-0.293910,0.936801,0.001330,0.000000,0.000625,0,1825.15,20,20.890,25.490,7.430,29.80,-113.03,-664.27,0.043356,0.022465,-1.002149,0.002811,0.002946,0.005921,0.2633,0.4267,5.00,-1,,,2.4767,-1.2842,205152.000,205532.000
80,50.00,-100.00,-666.67,0.051182,-0.294162,0.924403,0.000595,0.000976,0.000449,0,1836.13,20,19.050,28.250,7.920,59.60,-113.13,-663.66,0.036843,0.022811,-1.001919,0.002926,0.005568,0.004143,0.3365,0.5446,5.00,-1,,,2.1054,-1.3042,216116.000,216508.000
81,50.00,-75.00,-666.67,0.066660,-0.265303,0.957708,0.000000,0.001065,0.001017,0,1847.05,20,16.550,25.910,9.430,60.07,-85.12,-664.56,0.027467,0.021126,-1.002235,0.005331,0.002784,0.004296,0.3036,0.5593,5.00,-1,,,1.5695,-1.2076,227052.000,227432.000
82,25.00,-75.00,-666.67,0.038659,-0.268056,0.969954,0.001208,0.001166,0.000571,0,1858.12,20,18.420,23.110,8.940,30.04,-84.99,-665.20,0.029683,0.025738,-1.001711,0.007219,0.003344,0.010209,0.3082,0.5489,5.00,-1,,,1.6968,-1.4718,238112.000,238492.000
83,0.00,-75.00,-666.67,-0.018180,-0.262526,0.982858,0.000000,0.000930,0.000954,0,1869.17,20,20.620,20.620,8.780,0.00,-84.96,-665.42,0.044509,0.022919,-1.001397,0.003432,0.004040,0.004943,0.2767,0.4656,5.00,-1,,,2.5443,-1.3111,249172.000,249552.000
84,-25.00,-75.00,-666.67,-0.059414,-0.248485,0.967228,0.001040,0.000418,0.000638,0,1880.18,20,23.110,18.420,8.940,-30.04,-84.99,-665.20,0.045815,0.016192,-1.002095,0.003892,0.003967,0.005146,0.3516,0.5423,5.00,-1,,,2.6173,-0.9257,260172.000,260552.000
85,-50.00,-75.00,-666.67,-0.093072,-0.239370,0.938468,0.000804,0.000000,0.000885,0,1891.17,20,25.910,16.550,9.430,-60.07,-85.12,-664.56,0.050348,0.012517,-1.001364,0.001456,0.005562,0.003662,0.3548,0.7625,5.00,-1,,,2.8781,-0.7162,271172.000,271552.000
86,-50.00,-50.00,-666.67,-0.093325,-0.196647,0.951951,0.000646,0.000475,0.000625,0,1902.09,20,23.870,14.380,11.270,-60.35,-56.94,-665.22,0.043819,0.006580,-1.001453,0.004777,0.002108,0.006449,0.3122,0.4885,5.00,-1,,,2.5054,-0.3765,282092.000,282472.000
87,-25.00,-50.00,-666.67,-0.057672,-0.205889,0.985129,0.001551,0.003960,0.000784,0,1913.17,20,21.040,16.290,10.780,-30.18,-56.80,-665.88,0.040689,0.006013,-1.002228,0.010933,0.009602,0.006350,0.6368,1.0627,5.00,-1,,,2.3248,-0.3437,293176.000,293560.000
88,0.00,-50.00,-666.67,-0.010152,-0.221468,1.003310,0.000851,0.000602,0.000612,0,1924.23,20,18.510,18.510,10.620,0.00,-56.75,-666.10,0.038980,0.011358,-1.002070,0.004925,0.006261,0.008480,0.3668,0.4960,5.00,-1,,,2.2275,-0.6494,304232.000,304612.000
89,25.00,-50.00,-666.67,0.037396,-0.227250,1.002754,0.001081,0.000000,0.000441,0,1935.26,20,16.290,21.040,10.780,30.18,-56.80,-665.88,0.029642,0.015960,-1.001783,0.002040,0.003560,0.005365,0.2415,0.3550,5.00,-1,,,1.6947,-0.9128,315252.000,315632.000
90,50.00,-50.00,-666.67,0.083781,-0.232402,0.985332,0.000910,0.000906,0.000841,0,1946.26,20,14.380,23.870,11.270,60.35,-56.94,-665.22,0.025403,0.024240,-1.002355,0.002493,0.002927,0.007757,0.2467,0.3408,5.00,-1,,,1.4513,-1.3853,326252.000,326632.000
91,50.00,-25.00,-666.67,0.097213,-0.187860,0.986823,0.000665,0.000000,0.000692,0,1957.15,20,12.550,22.130,13.430,60.44,-28.64,-665.63,0.023211,0.024991,-1.001665,0.004333,0.003765,0.003922,0.2993,0.5034,5.00,-1,,,1.3270,-1.4292,337140.000,337520.000
92,25.00,-25.00,-666.67,0.048430,-0.178922,1.006869,0.000226,0.000370,0.001177,0,1968.24,20,14.480,19.270,12.940,30.23,-28.48,-666.30,0.031691,0.021749,-1.001427,0.003427,0.004062,0.007130,0.2475,0.4852,5.00,-1,,,1.8122,-1.2442,348240.000,348620.000
93,0.00,-25.00,-666.67,0.000000,-0.172710,1.007653,0.000000,0.000000,0.000755,0,1979.29,20,16.720,16.720,12.770,0.00,-28.43,-666.52,0.036638,0.015856,-1.002394,0.002426,0.007244,0.007054,0.3361,0.5187,5.00,-1,,,2.0930,-0.9062,359288.000,359668.000
94,-25.00,-25.00,-666.67,-0.045778,-0.163266,0.997957,0.000526,0.000884,0.000987,0,1990.34,20,19.270,14.480,12.940,-30.23,-28.48,-666.30,0.035551,0.010731,-1.001758,0.006504,0.002609,0.008871,0.2858,0.5175,5.00,-1,,,2.0324,-0.6138,370312.000,370700.000
95,-50.00,-25.00,-666.67,-0.081860,-0.154707,0.969525,0.000226,0.000443,0.000338,0,2001.35,20,22.130,12.550,13.430,-60.44,-28.64,-665.63,0.039341,0.006602,-1.002200,0.003123,0.003153,0.005350,0.2117,0.3537,5.00,-1,,,2.2479,-0.3774,381324.000,381720.000
96,-50.00,0.00,-666.67,-0.075497,-0.112085,0.944149,0.000556,0.000760,0.000721,0,2012.25,20,20.690,11.060,15.890,-60.34,-0.24,-665.78,0.030567,-0.006370,-1.001606,0.006097,0.003461,0.005200,0.3166,0.5373,5.00,-1,,,1.7480,0.3644,392244.000,392624.000
97,-25.00,0.00,-666.67,-0.034847,-0.114712,0.983236,0.001074,0.000618,0.000912,0,2023.32,20,17.820,12.990,15.410,-30.19,-0.06,-666.45,0.020998,-0.001045,-1.001028,0.006348,0.003111,0.007462,0.3484,0.5297,5.00,-1,,,1.2017,0.0598,403304.000,403684.000
98,0.00,0.00,-666.67,0.009469,-0.122741,1.003739,0.000541,0.001029,0.000874,0,2034.37,20,15.250,15.250,15.250,0.00,0.00,-666.67,0.019650,0.006082,-1.001323,0.004314,0.001996,0.004454,0.2517,0.3847,5.00,-1,,,1.1242,-0.3480,414364.000,414744.000
99,25.00,0.00,-666.67,0.057646,-0.131832,1.001745,0.000340,0.001029,0.000916,0,2045.40,20,12.990,17.820,15.410,30.19,-0.06,-666.45,0.015812,0.013944,-1.001519,0.003331,0.002389,0.003606,0.2416,0.4295,5.00,-1,,,0.9044,-0.7976,425388.000,425768.000
100,50.00,0.00,-666.67,0.109460,-0.145465,0.962530,0.000612,0.000531,0.001638,0,2056.39,20,11.060,20.690,15.890,60.34,-0.24,-665.78,0.010998,0.021016,-1.001846,0.003544,0.001892,0.002706,0.2696,0.5225,5.00,-1,,,0.6288,-1.2017,436388.000,436768.000
101,50.00,25.00,-666.67,0.109130,-0.109080,0.939225,0.000226,0.000000,0.000338,0,2067.29,20,9.910,19.550,18.670,60.05,28.24,-665.67,0.010462,0.019537,-1.001750,0.003633,0.004205,0.008008,0.3002,0.4539,5.00,-1,,,0.5982,-1.1173,447268.000,447648.000
102,25.00,25.00,-666.67,0.060600,-0.096910,0.953643,0.000000,0.000516,0.000872,0,2078.34,20,11.840,16.660,18.190,30.04,28.44,-666.31,0.023058,0.017435,-1.001201,0.002548,0.003166,0.007449,0.2734,0.4256,5.00,-1,,,1.3191,-0.9977,458336.000,458724.000
103,0.00,25.00,-666.67,0.015176,-0.086962,0.964954,0.000645,0.001153,0.001715,0,2089.39,20,14.090,14.090,18.020,0.00,28.50,-666.52,0.024435,0.013819,-1.001071,0.004981,0.003640,0.004914,0.2966,0.5809,5.00,-1,,,1.3981,-0.7908,469360.000,469740.000
104,-25.00,25.00,-666.67,-0.020882,-0.080700,0.951749,0.000619,0.000935,0.000526,0,2100.39,20,16.660,11.840,18.190,-30.04,28.44,-666.31,0.025046,0.004954,-1.001590,0.003771,0.005980,0.007534,0.4199,0.6236,5.00,-1,,,1.4325,-0.2834,480388.000,480768.000
105,-50.00,25.00,-666.67,-0.060905,-0.084411,0.927028,0.000794,0.000640,0.000370,0,2111.38,20,19.550,9.910,18.670,-60.05,28.24,-665.67,0.028113,0.002792,-1.000924,0.001655,0.003706,0.006742,0.2832,0.4426,5.00,-1,,,1.6088,-0.1599,491368.000,491748.000
106,-50.00,50.00,-666.67,-0.046866,-0.060499,0.891124,0.000688,0.000311,0.000624,0,2122.28,20,18.710,9.090,21.740,-59.55,56.79,-665.28,0.022378,-0.005469,-1.002016,0.001718,0.002657,0.009089,0.1929,0.3145,5.00,-1,,,1.2793,0.3127,502268.000,502648.000
107,-25.00,50.00,-666.67,-0.010556,-0.058050,0.920742,0.000611,0.000556,0.000631,0,2133.31,20,15.830,11.020,21.260,-29.79,57.00,-665.88,0.012179,-0.001793,-1.001761,0.002740,0.001159,0.004667,0.2250,0.3836,5.00,-1,,,0.6965,0.1026,513308.000,513688.000
108,0.00,50.00,-666.67,0.032447,-0.062294,0.933341,0.000817,0.000945,0.001822,0,2144.34,20,13.260,13.260,21.100,-0.00,57.07,-666.09,0.005227,0.005063,-1.002700,0.006347,0.004059,0.006296,0.3431,0.5340,5.00,-1,,,0.2986,-0.2893,524328.000,524708.000
109,25.00,50.00,-666.67,0.069892,-0.069338,0.923747,0.000414,0.000635,0.000581,0,2155.36,20,11.020,15.830,21.260,29.79,57.00,-665.88,0.006176,0.010560,-1.002070,0.002857,0.005619,0.008329,0.2896,0.4542,5.00,-1,,,0.3531,-0.6038,535332.000,535712.000
110,50.00,50.00,-666.67,0.109080,-0.084967,0.899759,0.000000,0.000398,0.000370,0,2166.33,20,9.090,18.710,21.740,59.55,56.79,-665.28,0.000716,0.017148,-1.001485,0.004177,0.005505,0.005000,0.3592,0.6253,5.00,-1,,,0.0410,-0.9810,546312.000,546700.000
111,50.00,75.00,-666.67,0.098603,-0.069842,0.851607,0.000692,0.000678,0.000443,0,2177.20,20,8.620,18.180,25.110,58.84,85.42,-664.61,0.001370,0.015493,-1.001393,0.003940,0.007347,0.010533,0.3720,0.6471,5.00,-1,,,0.0784,-0.8864,557180.000,557560.000
112,25.00,75.00,-666.67,0.066610,-0.061131,0.865041,0.000226,0.000625,0.000976,0,2188.19,20,10.520,15.310,24.620,29.44,85.63,-665.16,0.008176,0.014503,-1.001667,0.004038,0.003176,0.007408,0.3155,0.5507,5.00,-1,,,0.4676,-0.8295,568180.000,568560.000
113,0.00,75.00,-666.67,0.032398,-0.051560,0.873171,0.000754,0.000226,0.000625,0,2199.18,20,12.760,12.760,24.460,-0.00,85.70,-665.35,0.014209,0.011365,-1.000797,0.004642,0.004983,0.008595,0.3282,0.4868,5.00,-1,,,0.8134,-0.6506,579160.000,579540.000
114,-25.00,75.00,-666.67,0.000000,-0.048986,0.859814,0.000000,0.000592,0.000774,0,2210.16,20,15.310,10.520,24.620,-29.44,85.63,-665.16,0.015140,0.003040,-1.001594,0.005088,0.004705,0.005859,0.4014,0.6784,5.00,-1,,,0.8660,-0.1739,590140.000,590520.000
115,-50.00,75.00,-666.67,-0.024089,-0.049567,0.851379,0.000494,0.000808,0.000226,0,2221.13,20,18.180,8.620,25.110,-58.84,85.42,-664.61,0.016420,-0.003826,-1.001772,0.001637,0.002748,0.008329,0.2295,0.4634,5.00,-1,,,0.9390,0.2188,601100.000,601480.000
116,-50.00,100.00,-666.67,-0.013383,-0.043861,0.808809,0.001601,0.001314,0.000702,0,2232.00,20,17.960,8.490,28.750,-57.92,114.12,-663.65,0.011922,-0.009794,-1.001231,0.001982,0.005175,0.007488,0.3814,0.7618,5.00,-1,,,0.6822,0.5604,611980.000,612360.000
117,-25.00,100.00,-666.67,0.009444,-0.045905,0.817167,0.000718,0.000589,0.000916,0,2242.96,20,15.110,10.370,28.270,-28.98,114.32,-664.14,0.002959,-0.003053,-1.002560,0.004616,0.003715,0.005627,0.4011,0.5802,5.00,-1,,,0.1691,0.1744,622944.000,623328.000
118,0.00,100.00,-666.67,0.038860,-0.045399,0.825145,0.000703,0.000226,0.001414,0,2253.90,20,12.580,12.580,28.110,0.00,114.39,-664.30,-0.000684,0.003029,-1.001562,0.006203,0.007953,0.005429,0.4432,0.9666,5.00,-1,,,-0.0391,-0.1733,633884.000,634264.000
119,25.00,100.00,-666.67,0.066534,-0.057495,0.824388,0.000396,0.000338,0.000557,0,2264.83,20,10.370,15.110,28.270,28.98,114.32,-664.14,-0.007369,0.007036,-1.001727,0.006836,0.006305,0.005374,0.3554,0.5972,5.00,-1,,,-0.4214,-0.4024,644812.000,645192.000
120,50.00,100.00,-666.67,0.088149,-0.066660,0.806283,0.000580,0.000000,0.000554,0,2275.73,20,8.490,17.960,28.750,57.92,114.12,-663.65,-0.007252,0.013303,-1.001281,0.003650,0.003236,0.007599,0.2673,0.4635,5.00,-1,,,-0.4149,-0.7612,655712.000,656092.000
121,50.00,125.00,-666.67,0.075750,-0.077292,0.772448,0.000000,0.000904,0.000622,0,2286.60,20,8.700,18.050,32.670,56.77,142.93,-662.37,-0.008445,0.015976,-1.000592,0.004322,0.005104,0.003989,0.3310,0.4717,5.00,-1,,,-0.4835,-0.9147,666572.000,666952.000
122,25.00,125.00,-666.67,0.057722,-0.066660,0.772953,0.000494,0.000000,0.000809,0,2297.50,20,10.550,15.230,32.190,28.41,143.11,-662.79,-0.003449,0.009421,-1.001362,0.004095,0.004934,0.006263,0.3936,0.7404,5.00,-1,,,-0.1973,-0.5390,677488.000,677868.000
123,0.00,125.00,-666.67,0.035478,-0.060549,0.777852,0.000710,0.000226,0.000984,0,2308.38,20,12.730,12.730,32.030,-0.00,143.16,-662.93,0.003926,0.006174,-1.000814,0.006590,0.006707,0.006595,0.4132,0.8549,5.00,-1,,,0.2247,-0.3535,688368.000,688748.000
124,-25.00,125.00,-666.67,0.014948,-0.054893,0.778760,0.000501,0.000678,0.000398,0,2319.27,20,15.230,10.550,32.190,-28.41,143.11,-662.79,0.003227,-0.003599,-1.001581,0.006171,0.005514,0.009710,0.3710,0.5545,5.00,-1,,,0.1846,0.2059,699244.000,699632.000
125,-50.00,125.00,-666.67,-0.000278,-0.052875,0.777121,0.000505,0.000837,0.000773,0,2330.16,20,18.050,8.700,32.670,-56.77,142.93,-662.37,0.009664,-0.005248,-1.001764,0.005864,0.003434,0.010016,0.3666,0.6444,5.00,-1,,,0.5527,0.3002,710120.000,710512.000
126,-50.00,150.00,-666.67,0.003106,-0.066029,0.740380,0.000340,0.000895,0.001809,0,2341.02,20,18.480,9.260,36.860,-55.41,171.86,-660.75,0.002107,-0.011573,-1.000798,0.007416,0.004584,0.005966,0.3803,0.5668,5.00,-1,,,0.1206,0.6625,720984.000,721364.000
127,-25.00,150.00,-666.67,0.021564,-0.066105,0.749825,0.000658,0.000817,0.001691,0,2351.88,20,15.690,11.070,36.380,-27.73,172.00,-661.09,-0.006948,-0.005341,-1.000797,0.003058,0.002098,0.004273,0.2162,0.3634,5.00,-1,,,-0.3978,0.3058,731844.000,732224.000
128,0.00,150.00,-666.67,0.040173,-0.066660,0.748789,0.000990,0.000000,0.000632,0,2362.72,20,13.220,13.220,36.210,0.00,172.05,-661.20,-0.010658,-0.001146,-1.000966,0.005024,0.002324,0.004088,0.2653,0.3915,5.00,-1,,,-0.6100,0.0656,742684.000,743064.000
129,25.00,150.00,-666.67,0.058505,-0.073378,0.747048,0.000974,0.000638,0.000837,0,2373.55,20,11.070,15.690,36.380,27.73,172.00,-661.09,-0.015451,0.005175,-0.999825,0.002021,0.001288,0.004465,0.2059,0.4061,5.00,-1,,,-0.8853,-0.2965,753524.000,753904.000
130,50.00,150.00,-666.67,0.075397,-0.084538,0.739446,0.000884,0.000620,0.000730,0,2384.34,20,9.260,18.480,36.860,55.41,171.86,-660.75,-0.018682,0.006910,-1.001693,0.008275,0.012019,0.008257,0.7071,1.1831,5.00,-1,,,-1.0684,-0.3952,764324.000,764704.000
131,-50.00,-150.00,-633.33,-0.042395,-0.272700,0.796890,0.000530,0.000000,0.000328,0,2427.49,20,24.120,14.960,-4.840,-56.69,-167.22,-628.28,0.057743,0.030117,-0.999634,0.005112,0.005657,0.004869,0.4544,0.6723,5.00,-1,,,3.3045,-1.7257,807460.000,807840.000
132,-25.00,-150.00,-633.33,-0.029189,-0.269670,0.801563,0.001635,0.000000,0.000895,0,2438.38,20,21.370,16.790,-5.330,-28.34,-167.22,-628.69,0.061660,0.020047,-0.999296,0.010581,0.005194,0.010364,0.4429,0.6059,5.00,-1,,,3.5302,-1.1493,818360.000,818740.000
133,0.00,-150.00,-633.33,-0.010430,-0.272701,0.809262,0.000472,0.000492,0.000556,0,2449.30,20,18.930,18.930,-5.500,0.00,-167.23,-628.82,0.054146,0.019668,-1.001108,0.002472,0.004472,0.010180,0.2599,0.4720,5.00,-1,,,3.0953,-1.1255,829256.000,829636.000
134,25.00,-150.00,-633.33,0.003460,-0.276261,0.808732,0.000620,0.000778,0.000504,0,2460.16,20,16.790,21.370,-5.330,28.34,-167.22,-628.69,0.048579,0.023682,-1.000855,0.001959,0.005375,0.005965,0.3254,0.5333,5.00,-1,,,2.7780,-1.3555,840136.000,840516.000
135,50.00,-150.00,-633.33,0.023358,-0.278760,0.805980,0.000710,0.000000,0.000000,0,2471.04,20,14.960,24.120,-4.840,56.69,-167.22,-628.28,0.048468,0.030074,-1.000808,0.003372,0.004274,0.006458,0.3021,0.5193,5.00,-1,,,2.7714,-1.7212,850996.000,851376.000
136,50.00,-125.00,-633.33,0.037169,-0.266060,0.833377,0.000947,0.000699,0.001099,0,2481.92,20,11.680,21.100,-3.970,57.55,-139.71,-629.53,0.035296,0.023430,-1.001282,0.002762,0.004035,0.005357,0.2737,0.4283,5.00,-1,,,2.0184,-1.3405,861900.000,862280.000
137,25.00,-125.00,-633.33,0.006363,-0.272902,0.840724,0.000554,0.000504,0.001559,0,2492.90,20,13.570,18.280,-4.470,28.77,-139.71,-630.00,0.049125,0.028702,-1.001280,0.002132,0.002396,0.004298,0.3232,0.5824,5.00,-1,,,2.8077,-1.6420,872856.000,873240.000
138,0.00,-125.00,-633.33,-0.007981,-0.269670,0.844815,0.000557,0.000000,0.001588,0,2503.83,20,15.770,15.770,-4.640,0.00,-139.71,-630.15,0.052647,0.025031,-1.001118,0.003155,0.002361,0.006268,0.3561,0.6245,5.00,-1,,,3.0094,-1.4323,883796.000,884176.000
139,-25.00,-125.00,-633.33,-0.030377,-0.263232,0.836735,0.001402,0.000711,0.001034,0,2514.73,20,18.280,13.570,-4.470,-28.77,-139.71,-630.00,0.051310,0.019145,-1.001148,0.004058,0.004965,0.006162,0.3052,0.4780,5.00,-1,,,2.9334,-1.0955,894696.000,895076.000
140,-50.00,-125.00,-633.33,-0.052369,-0.254748,0.823251,0.000854,0.000478,0.002044,0,2525.62,20,21.100,11.680,-3.970,-57.55,-139.71,-629.53,0.059484,0.018940,-1.000946,0.005269,0.005396,0.006226,0.4034,0.6196,5.00,-1,,,3.4004,-1.0840,905596.000,905976.000
141,-50.00,-100.00,-633.33,-0.051864,-0.229801,0.840068,0.000571,0.000622,0.000778,0,2536.51,20,18.370,8.760,-2.760,-58.22,-112.01,-630.59,0.047452,0.000766,-1.000833,0.003579,0.004121,0.013487,0.3692,0.6212,5.00,-1,,,2.7145,-0.0439,916476.000,916856.000
142,-25.00,-100.00,-633.33,-0.033710,-0.241947,0.857920,0.000939,0.000652,0.000620,0,2547.50,20,15.500,10.680,-3.260,-29.11,-112.00,-631.10,0.046583,0.006828,-1.001812,0.002625,0.002446,0.005313,0.2407,0.4388,5.00,-1,,,2.6622,-0.3905,927456.000,927836.000
143,0.00,-100.00,-633.33,-0.006060,-0.246972,0.866783,0.000000,0.000601,0.000504,0,2558.46,20,12.930,12.930,-3.430,0.00,-112.00,-631.27,0.046376,0.012781,-1.000905,0.002560,0.003518,0.006556,0.3103,0.5826,5.00,-1,,,2.6526,-0.7316,938416.000,938796.000
144,25.00,-100.00,-633.33,0.021286,-0.254571,0.862995,0.000340,0.000226,0.001157,0,2569.42,20,10.680,15.500,-3.260,29.11,-112.00,-631.10,0.034131,0.018433,-1.001045,0.004208,0.003425,0.004822,0.2983,0.5671,5.00,-1,,,1.9524,-1.0549,949372.000,949760.000
145,50.00,-100.00,-633.33,0.045072,-0.257601,0.856279,0.000609,0.000226,0.000857,0,2580.33,20,8.760,18.370,-2.760,58.22,-112.01,-630.59,0.034325,0.025196,-1.001885,0.003155,0.003166,0.005339,0.2500,0.5174,5.00,-1,,,1.9616,-1.4406,960292.000,960672.000
146,50.00,-75.00,-633.33,0.049288,-0.241365,0.875822,0.001055,0.001080,0.000494,0,2591.23,20,6.180,15.940,-1.200,58.73,-84.16,-631.44,0.032696,0.023838,-1.001123,0.002638,0.004489,0.004567,0.3262,0.5025,5.00,-1,,,1.8700,-1.3641,971192.000,971572.000
147,25.00,-75.00,-633.33,0.021210,-0.238765,0.886958,0.000000,0.000795,0.000680,0,2602.24,20,8.130,13.020,-1.710,29.37,-84.13,-631.98,0.040716,0.023707,-1.001880,0.003019,0.003299,0.010515,0.2578,0.5733,5.00,-1,,,2.3265,-1.3555,982192.000,982572.000
148,0.00,-75.00,-633.33,0.000000,-0.233108,0.890341,0.000000,0.000414,0.000683,0,2613.21,20,10.420,10.420,-1.870,0.00,-84.13,-632.17,0.040567,0.018413,-1.001155,0.006851,0.002009,0.005867,0.3089,0.4920,5.00,-1,,,2.3200,-1.0537,993172.000,993552.000
149,-25.00,-75.00,-633.33,-0.029795,-0.224220,0.885088,0.001062,0.000000,0.000526,0,2624.17,20,13.020,8.130,-1.710,-29.37,-84.13,-631.98,0.045643,0.013378,-1.000315,0.006582,0.002882,0.005943,0.3491,0.6717,5.00,-1,,,2.6123,-0.7662,1004132.000,1004512.000
150,-50.00,-75.00,-633.33,-0.051308,-0.218816,0.865748,0.000501,0.001050,0.000839,0,2635.11,20,15.940,6.180,-1.200,-58.73,-84.16,-631.44,0.045598,0.009950,-1.001464,0.002140,0.002540,0.006884,0.3238,0.7008,5.00,-1,,,2.6068,-0.5693,1015072.000,1015452.000
151,-50.00,-50.00,-633.33,-0.051636,-0.187179,0.875191,0.000398,0.000823,0.002107,0,2646.00,20,13.810,3.930,0.700,-59.08,-56.19,-632.04,0.038439,-0.002730,-1.001911,0.004109,0.007057,0.003659,0.2882,0.4784,5.00,-1,,,2.1971,0.1561,1025952.000,1026332.000
152,-25.00,-50.00,-633.33,-0.013990,-0.196950,0.897639,0.000942,0.000000,0.000761,0,2657.01,20,10.860,5.920,0.190,-29.55,-56.16,-632.62,0.025617,0.001829,-1.001843,0.002511,0.004073,0.008061,0.2683,0.4910,5.00,-1,,,1.4648,-0.1046,1036968.000,1037360.000
153,0.00,-50.00,-633.33,0.003030,-0.202833,0.902259,0.000000,0.001324,0.000680,0,2668.02,20,8.230,8.230,0.020,0.00,-56.15,-632.81,0.031091,0.010529,-1.002589,0.004636,0.005072,0.004631,0.3505,0.5577,5.00,-1,,,1.7761,-0.6017,1047984.000,1048364.000
154,25.00,-50.00,-633.33,0.030477,-0.214373,0.900315,0.000443,0.000826,0.000668,0,2679.00,20,5.920,10.860,0.190,29.55,-56.16,-632.62,0.028319,0.017921,-1.000786,0.003718,0.003828,0.012322,0.2655,0.4560,5.00,-1,,,1.6206,-1.0259,1058964.000,1059344.000
155,50.00,-50.00,-633.33,0.059642,-0.215889,0.884861,0.000865,0.000812,0.000311,0,2689.97,20,3.930,13.810,0.700,59.08,-56.19,-632.04,0.023294,0.019892,-1.001130,0.003591,0.004311,0.006945,0.2988,0.5161,5.01,-1,,,1.3326,-1.1383,1069920.000,1070300.000
156,50.00,-25.00,-633.33,0.063681,-0.193516,0.892032,0.000226,0.001005,0.001752,0,2700.85,20,2.040,11.990,2.930,59.27,-28.16,-632.41,0.021464,0.024563,-1.002180,0.002828,0.006206,0.003231,0.2723,0.4499,5.00,-1,,,1.2266,-1.4040,1080820.000,1081200.000
157,25.00,-25.00,-633.33,0.033684,-0.187860,0.903471,0.000639,0.000000,0.001767,0,2711.89,20,4.040,9.020,2.430,29.64,-28.11,-633.00,0.033581,0.022730,-1.001484,0.002639,0.003260,0.005283,0.2427,0.4555,5.00,-1,,,1.9200,-1.3002,1091840.000,1092220.000
158,0.00,-25.00,-633.33,0.005253,-0.180665,0.907334,0.000856,0.001008,0.001547,0,2722.90,20,6.360,6.360,2.260,0.00,-28.10,-633.20,0.034209,0.017604,-1.001422,0.002145,0.001758,0.008111,0.1886,0.3008,5.00,-1,,,1.9562,-1.0071,1102860.000,1103240.000
159,-25.00,-25.00,-633.33,-0.013282,-0.171372,0.899456,0.001025,0.001078,0.000673,0,2733.90,20,9.020,4.040,2.430,-29.64,-28.11,-633.00,0.032551,0.009271,-1.001188,0.002552,0.004151,0.009321,0.3802,0.6584,5.00,-1,,,1.8621,-0.5306,1113840.000,1114228.000
160,-50.00,-25.00,-633.33,-0.041764,-0.166751,0.882235,0.000804,0.000311,0.000592,0,2744.86,20,11.990,2.040,2.930,-59.27,-28.16,-632.41,0.035526,0.003822,-1.001520,0.002665,0.007842,0.007125,0.4103,0.6852,5.00,-1,,,2.0315,-0.2187,1124804.000,1125192.000
161,-50.00,0.00,-633.33,-0.034266,-0.139380,0.879105,0.000683,0.000000,0.000649,0,2755.73,20,10.480,0.500,5.500,-59.29,-0.08,-632.53,0.026466,-0.005894,-1.002308,0.001687,0.002157,0.006162,0.2048,0.3352,5.00,-1,,,1.5125,0.3369,1135688.000,1136068.000
162,-25.00,0.00,-633.33,-0.006137,-0.145314,0.899355,0.000598,0.000396,0.001047,0,2766.76,20,7.490,2.500,5.000,-29.66,-0.02,-633.13,0.024177,0.000905,-1.002318,0.003383,0.002406,0.005844,0.2173,0.3071,5.00,-1,,,1.3818,-0.0517,1146708.000,1147088.000
163,0.00,0.00,-633.33,0.019923,-0.152890,0.905415,0.001016,0.000968,0.002931,0,2777.78,20,4.830,4.830,4.830,0.00,0.00,-633.33,0.016393,0.007627,-1.002416,0.003440,0.001832,0.004605,0.2297,0.3931,5.00,-1,,,0.9369,-0.4359,1157728.000,1158108.000
164,25.00,0.00,-633.33,0.042622,-0.157560,0.900795,0.000414,0.000000,0.001483,0,2788.76,20,2.500,7.490,5.000,29.66,-0.02,-633.13,0.018943,0.013422,-1.002336,0.002363,0.003706,0.004704,0.2474,0.4228,5.00,-1,,,1.0826,-0.7672,1168708.000,1169088.000
165,50.00,0.00,-633.33,0.069438,-0.166196,0.884912,0.000530,0.000748,0.000468,0,2799.72,20,0.500,10.480,5.500,59.29,-0.08,-632.53,0.015498,0.018251,-1.001417,0.006447,0.006122,0.006212,0.3329,0.6011,5.00,-1,,,0.8865,-1.0441,1179668.000,1180048.000
166,50.00,25.00,-633.33,0.075851,-0.145264,0.868121,0.000535,0.000441,0.000859,0,2810.57,20,-0.690,9.280,8.400,59.13,28.02,-632.41,0.008732,0.022427,-1.001040,0.003802,0.007472,0.008436,0.3555,0.5502,5.00,-1,,,0.4996,-1.2834,1190528.000,1190908.000
167,25.00,25.00,-633.33,0.042673,-0.137967,0.884709,0.000532,0.001130,0.000226,0,2821.61,20,1.300,6.290,7.890,29.58,28.10,-633.00,0.022146,0.018372,-1.002225,0.003653,0.005202,0.005567,0.3838,0.7092,5.00,-1,,,1.2657,-1.0502,1201544.000,1201932.000
168,0.00,25.00,-633.33,0.018939,-0.130290,0.881958,0.000891,0.000000,0.000579,0,2832.61,20,3.630,3.630,7.730,-0.00,28.12,-633.20,0.020878,0.012946,-1.001051,0.004572,0.002664,0.005559,0.2455,0.4184,5.00,-1,,,1.1947,-0.7409,1212572.000,1212952.000
169,-25.00,25.00,-633.33,-0.003030,-0.127462,0.878524,0.000000,0.000414,0.000441,0,2843.59,20,6.290,1.300,7.890,-29.58,28.10,-633.00,0.026604,0.009191,-1.001405,0.002859,0.003594,0.003987,0.2341,0.3528,5.00,-1,,,1.5218,-0.5259,1223552.000,1223932.000
170,-50.00,25.00,-633.33,-0.023786,-0.120948,0.862590,0.001330,0.000623,0.001330,0,2854.56,20,9.280,-0.690,8.400,-59.13,28.02,-632.41,0.026744,-0.001702,-1.001293,0.001827,0.005343,0.005377,0.3793,0.7708,5.00,-1,,,1.5300,0.0974,1234512.000,1234892.000
171,-50.00,50.00,-633.33,-0.015907,-0.103147,0.842390,0.000976,0.000398,0.000834,0,2865.42,20,8.400,-1.530,11.610,-58.78,56.14,-632.05,0.017761,-0.004861,-1.001604,0.004425,0.006585,0.007978,0.3628,0.9103,5.00,-1,,,1.0159,0.2781,1245372.000,1245752.000
172,-25.00,50.00,-633.33,0.003131,-0.106177,0.860747,0.000452,0.000398,0.000478,0,2876.41,20,5.420,0.440,11.110,-29.41,56.23,-632.62,0.014367,-0.000140,-1.001335,0.002242,0.003890,0.004321,0.2404,0.3556,5.00,-1,,,0.8220,0.0080,1256372.000,1256752.000
173,0.00,50.00,-633.33,0.032826,-0.109080,0.864486,0.000675,0.000000,0.000757,0,2887.41,20,2.760,2.760,10.940,0.00,56.26,-632.81,0.006459,0.003489,-1.001497,0.002526,0.003599,0.006509,0.2421,0.4137,5.00,-1,,,0.3695,-0.1996,1267356.000,1267736.000
174,25.00,50.00,-633.33,0.060145,-0.117338,0.864183,0.000954,0.000901,0.000675,0,2898.38,20,0.440,5.420,11.110,29.41,56.23,-632.62,-0.000651,0.011371,-1.002601,0.004068,0.007961,0.003955,0.3477,0.6632,5.00,-1,,,-0.0372,-0.6498,1278332.000,1278720.000
175,50.00,50.00,-633.33,0.081759,-0.126579,0.851986,0.000226,0.000755,0.000881,0,2909.32,20,-1.530,8.400,11.610,58.78,56.14,-632.05,-0.001388,0.017927,-1.001473,0.006025,0.007738,0.007954,0.3597,0.5421,5.00,-1,,,-0.0794,-1.0255,1289272.000,1289652.000
176,50.00,75.00,-633.33,0.075675,-0.114182,0.822521,0.000596,0.000925,0.000818,0,2920.17,20,-2.030,7.830,15.120,58.24,84.27,-631.44,-0.001061,0.016983,-0.999665,0.002815,0.002647,0.005935,0.2636,0.4295,5.00,-1,,,-0.0608,-0.9733,1300112.000,1300492.000
177,25.00,75.00,-633.33,0.052546,-0.109005,0.827418,0.000963,0.000596,0.000557,0,2931.18,20,-0.070,4.860,14.630,29.14,84.38,-631.98,0.004236,0.017924,-1.000911,0.003344,0.003703,0.003631,0.2839,0.4576,5.00,-1,,,0.2424,-1.0259,1311112.000,1311492.000
178,0.00,75.00,-633.33,0.030906,-0.100242,0.834892,0.000668,0.000794,0.000910,0,2942.14,20,2.230,2.230,14.460,0.00,84.41,-632.16,0.010559,0.011323,-1.001375,0.004960,0.005208,0.005121,0.4442,0.9116,5.00,-1,,,0.6041,-0.6478,1322092.000,1322472.000
179,-25.00,75.00,-633.33,0.009090,-0.099763,0.827998,0.000000,0.000476,0.001163,0,2953.06,20,4.860,-0.070,14.630,-29.14,84.38,-631.98,0.013041,0.006039,-1.001539,0.003126,0.003689,0.005472,0.2935,0.4902,5.00,-1,,,0.7460,-0.3455,1333012.000,1333392.000
180,-50.00,75.00,-633.33,-0.005732,-0.096254,0.817746,0.000619,0.000841,0.000884,0,2963.98,20,7.830,-2.030,15.120,-58.24,84.27,-631.44,0.015061,-0.003080,-1.002186,0.002936,0.006964,0.006720,0.3730,0.5758,5.00,-1,,,0.8610,0.1761,1343932.000,1344312.000
181,-50.00,100.00,-633.33,0.000000,-0.090168,0.793936,0.000000,0.000874,0.000340,0,2974.82,20,7.590,-2.170,18.930,-57.50,112.44,-630.59,0.006617,-0.008491,-1.003358,0.004824,0.005225,0.012669,0.3688,0.6671,5.00,-1,,,0.3778,0.4849,1354764.000,1355152.000
182,-25.00,100.00,-633.33,0.018180,-0.090370,0.802849,0.000000,0.000723,0.000311,0,2985.74,20,4.640,-0.240,18.440,-28.77,112.55,-631.08,-0.000405,-0.002940,-1.001705,0.005919,0.006376,0.005788,0.3928,0.7049,5.00,-1,,,-0.0231,0.1681,1365692.000,1366072.000
183,0.00,100.00,-633.33,0.039693,-0.093677,0.805577,0.000740,0.000449,0.000876,0,2996.68,20,2.030,2.030,18.270,0.00,112.58,-631.25,-0.007086,0.006103,-1.000389,0.008480,0.014591,0.005870,0.6176,1.2288,5.00,-1,,,-0.4058,-0.3495,1376624.000,1377004.000
184,25.00,100.00,-633.33,0.056964,-0.096960,0.803102,0.000581,0.000000,0.000468,0,3007.61,20,-0.240,4.640,18.440,28.77,112.55,-631.08,-0.007444,0.007806,-1.001534,0.003094,0.010164,0.007371,0.4094,0.8200,5.00,-1,,,-0.4258,-0.4466,1387544.000,1387924.000
185,50.00,100.00,-633.33,0.071813,-0.108777,0.791260,0.000742,0.000642,0.000551,0,3018.51,20,-2.170,7.590,18.930,57.50,112.44,-630.59,-0.011017,0.016331,-1.000651,0.006322,0.005757,0.004746,0.3482,0.5193,5.00,-1,,,-0.6307,-0.9350,1398436.000,1398816.000
186,50.00,125.00,-633.33,0.066660,-0.110521,0.763358,0.000000,0.000840,0.000414,0,3029.32,20,-1.960,7.660,23.010,56.54,140.65,-629.49,-0.009566,0.015658,-1.000555,0.003123,0.005699,0.008457,0.3416,0.6512,5.00,-1,,,-0.5477,-0.8966,1409256.000,1409636.000
187,25.00,125.00,-633.33,0.052597,-0.105269,0.766439,0.000931,0.000903,0.000370,0,3040.22,20,-0.070,4.750,22.520,28.29,140.75,-629.92,-0.005969,0.013175,-1.000406,0.004279,0.005329,0.008301,0.3725,0.5894,5.00,-1,,,-0.3419,-0.7546,1420156.000,1420536.000
188,0.00,125.00,-633.33,0.038079,-0.096960,0.775504,0.000739,0.000000,0.000441,0,3051.09,20,2.170,2.170,22.360,0.00,140.78,-630.06,-0.002082,0.005520,-1.001894,0.008471,0.006537,0.003851,0.4095,0.6944,5.00,-1,,,-0.1191,-0.3156,1431036.000,1431416.000
189,-25.00,125.00,-633.33,0.021135,-0.096885,0.773863,0.000338,0.000338,0.001836,0,3061.95,20,4.750,-0.070,22.520,-28.29,140.75,-629.92,0.003670,0.000483,-1.001365,0.004917,0.005285,0.005004,0.3565,0.5332,5.00,-1,,,0.2100,-0.0277,1441896.000,1442280.000
190,-50.00,125.00,-633.33,0.006137,-0.096505,0.764066,0.000719,0.000693,0.002687,0,3072.78,20,7.660,-1.960,23.010,-56.54,140.65,-629.49,0.004941,-0.002633,-1.002293,0.008208,0.005488,0.009288,0.4747,0.8627,5.00,-1,,,0.2825,0.1505,1452724.000,1453104.000
191,-50.00,150.00,-633.33,0.015125,-0.097289,0.745936,0.000530,0.000599,0.000589,0,3083.59,20,8.060,-1.410,27.360,-55.37,168.94,-628.11,-0.004537,-0.009206,-1.000917,0.004900,0.004722,0.009552,0.4800,0.9023,5.00,-1,,,-0.2597,0.5269,1463524.000,1463904.000
192,-25.00,150.00,-633.33,0.027296,-0.099334,0.751188,0.000531,0.000804,0.000530,0,3094.43,20,5.190,0.450,26.870,-27.71,169.02,-628.47,-0.008729,-0.002451,-1.001821,0.003351,0.004160,0.004389,0.2670,0.4074,5.00,-1,,,-0.4992,0.1402,1474364.000,1474748.000
193,0.00,150.00,-633.33,0.042571,-0.101808,0.748536,0.001194,0.001151,0.000398,0,3105.28,20,2.650,2.650,26.710,0.00,169.04,-628.59,-0.015574,0.000166,-1.000785,0.001915,0.003733,0.007826,0.2807,0.5198,5.00,-1,,,-0.8916,-0.0095,1485208.000,1485588.000
194,25.00,150.00,-633.33,0.056434,-0.108753,0.749396,0.000967,0.000595,0.000742,0,3116.10,20,0.450,5.190,26.870,27.71,169.02,-628.47,-0.018560,0.009692,-0.999939,0.006386,0.005362,0.006493,0.3277,0.5161,5.00,-1,,,-1.0633,-0.5553,1496028.000,1496408.000
195,50.00,150.00,-633.33,0.065072,-0.112312,0.740734,0.000887,0.000528,0.001585,0,3126.90,20,-1.410,8.060,27.360,55.37,168.94,-628.11,-0.019946,0.010041,-1.000463,0.003180,0.004074,0.009537,0.2464,0.4205,5.00,-1,,,-1.1421,-0.5750,1506848.000,1507228.000
196,-50.00,-150.00,-600.00,-0.020076,-0.248485,0.778483,0.000729,0.000476,0.000553,0,3169.62,20,14.370,4.670,-15.780,-55.48,-165.94,-595.28,0.051826,0.028455,-1.000819,0.004837,0.003280,0.009707,0.3465,0.5407,5.00,-1,,,2.9631,-1.6285,1549544.000,1549924.000
197,-25.00,-150.00,-600.00,-0.009090,-0.244850,0.780908,0.000328,0.000699,0.000885,0,3180.46,20,11.460,6.600,-16.300,-27.73,-165.99,-595.60,0.051876,0.018870,-1.000319,0.006342,0.004687,0.010448,0.3482,0.5987,5.00,-1,,,2.9681,-1.0807,1560404.000,1560784.000
198,0.00,-150.00,-600.00,-0.003030,-0.243083,0.791563,0.000000,0.001041,0.000860,0,3191.31,20,8.860,8.860,-16.480,-0.00,-166.01,-595.70,0.054412,0.017605,-0.998926,0.005569,0.003620,0.011609,0.3422,0.5573,5.00,-1,,,3.1173,-1.0097,1571244.000,1571624.000
199,25.00,-150.00,-600.00,0.006060,-0.249041,0.785579,0.000000,0.000856,0.000665,0,3202.14,20,6.600,11.460,-16.300,27.73,-165.99,-595.60,0.051167,0.024604,-1.001526,0.001968,0.002930,0.007433,0.2335,0.3782,5.00,-1,,,2.9238,-1.4073,1582064.000,1582444.000
200,50.00,-150.00,-600.00,0.019418,-0.251945,0.780832,0.000990,0.000655,0.001732,0,3212.94,20,4.670,14.370,-15.780,55.48,-165.94,-595.28,0.047918,0.030068,-1.000996,0.002309,0.003535,0.006089,0.2851,0.4901,5.00,-1,,,2.7395,-1.7205,1592884.000,1593264.000
201,50.00,-125.00,-600.00,0.024240,-0.246239,0.801940,0.000000,0.000874,0.001311,0,3223.86,20,1.240,11.180,-14.960,56.28,-138.51,-596.50,0.040839,0.028808,-1.001478,0.004925,0.002763,0.009235,0.2826,0.4234,5.00,-1,,,2.3342,-1.6477,1603780.000,1604168.000
202,25.00,-125.00,-600.00,0.006060,-0.248385,0.802774,0.000000,0.000338,0.001053,0,3234.77,20,3.220,8.200,-15.490,28.14,-138.57,-596.87,0.052714,0.031351,-0.999674,0.002158,0.002734,0.006598,0.2248,0.5157,5.00,-1,,,3.0170,-1.7963,1614696.000,1615076.000
203,0.00,-125.00,-600.00,-0.003030,-0.245581,0.798405,0.000000,0.000370,0.001687,0,3245.65,20,5.540,5.540,-15.660,0.00,-138.59,-596.99,0.055192,0.025432,-1.000269,0.003305,0.005263,0.006377,0.2959,0.6268,5.00,-1,,,3.1572,-1.4564,1625576.000,1625956.000
204,-25.00,-125.00,-600.00,-0.015327,-0.239370,0.802597,0.000680,0.000000,0.000884,0,3256.54,20,8.200,3.220,-15.490,-28.14,-138.57,-596.87,0.055977,0.022083,-1.000462,0.006481,0.003217,0.005126,0.3347,0.5486,5.00,-1,,,3.2017,-1.2645,1636456.000,1636836.000
205,-50.00,-125.00,-600.00,-0.030376,-0.233310,0.794340,0.000340,0.000000,0.000723,0,3267.38,20,11.180,1.240,-14.960,-56.28,-138.51,-596.50,0.057654,0.015385,-1.000644,0.003454,0.002123,0.004255,0.2488,0.3746,5.00,-1,,,3.2971,-0.8808,1647296.000,1647676.000
206,-50.00,-100.00,-600.00,-0.030528,-0.212303,0.809212,0.000557,0.000504,0.000528,0,3278.27,20,8.290,-1.830,-13.770,-56.95,-110.92,-597.51,0.049701,-0.000169,-1.000717,0.001685,0.002400,0.007523,0.2302,0.4318,5.00,-1,,,2.8433,0.0096,1658196.000,1658576.000
207,-25.00,-100.00,-600.00,-0.017272,-0.219121,0.815070,0.000906,0.000851,0.000328,0,3289.19,20,5.250,0.180,-14.310,-28.47,-110.99,-597.93,0.046761,0.004703,-1.002215,0.003120,0.003892,0.006060,0.2038,0.3432,5.00,-1,,,2.6713,-0.2689,1669128.000,1669508.000
208,0.00,-100.00,-600.00,0.000000,-0.227908,0.820120,0.000000,0.000854,0.001638,0,3300.10,20,2.550,2.550,-14.480,0.00,-111.01,-598.07,0.043831,0.013134,-1.001090,0.002505,0.002931,0.005057,0.2938,0.4736,5.00,-1,,,2.5068,-0.7516,1680024.000,1680408.000
209,25.00,-100.00,-600.00,0.013181,-0.233310,0.818252,0.000732,0.000000,0.000370,0,3311.02,20,0.180,5.250,-14.310,28.47,-110.99,-597.93,0.040542,0.019572,-1.000694,0.004067,0.002117,0.006941,0.2650,0.3817,5.00,-1,,,2.3196,-1.1205,1690924.000,1691320.000
210,50.00,-100.00,-600.00,0.032144,-0.233512,0.814817,0.000916,0.000842,0.000556,0,3321.88,20,-1.830,8.290,-13.770,56.95,-110.92,-597.51,0.036608,0.024481,-1.000894,0.003032,0.002818,0.006574,0.3431,0.5648,5.00,-1,,,2.0940,-1.4011,1701816.000,1702196.000
211,50.00,-75.00,-600.00,0.039441,-0.227023,0.825323,0.000398,0.000476,0.001088,0,3332.76,20,-4.540,5.710,-12.210,57.48,-83.23,-598.30,0.029362,0.025153,-1.001505,0.005298,0.004490,0.005718,0.2935,0.4138,5.00,-1,,,1.6788,-1.4387,1712676.000,1713056.000
212,25.00,-75.00,-600.00,0.018129,-0.223867,0.834085,0.000516,0.000569,0.000757,0,3343.72,20,-2.510,2.620,-12.750,28.74,-83.29,-598.76,0.039790,0.023735,-1.001168,0.002702,0.003773,0.004836,0.2181,0.3302,5.01,-1,,,2.2753,-1.3581,1723636.000,1724016.000
213,0.00,-75.00,-600.00,0.000000,-0.221393,0.835927,0.000000,0.000504,0.000656,0,3354.66,20,-0.120,-0.120,-12.930,0.00,-83.32,-598.91,0.044474,0.023713,-1.001174,0.002839,0.003293,0.007224,0.2492,0.4628,5.00,-1,,,2.5428,-1.3568,1734576.000,1734956.000
214,-25.00,-75.00,-600.00,-0.014948,-0.215130,0.830321,0.000599,0.000000,0.001851,0,3365.58,20,2.620,-2.510,-12.750,-28.74,-83.29,-598.76,0.047308,0.015313,-1.001399,0.004324,0.003286,0.006180,0.2664,0.4446,5.01,-1,,,2.7044,-0.8760,1745516.000,1745896.000
215,-50.00,-75.00,-600.00,-0.030300,-0.204323,0.820197,0.000000,0.001575,0.000839,0,3376.50,20,5.710,-4.540,-12.210,-57.48,-83.23,-598.30,0.048006,0.009234,-1.000755,0.003820,0.003892,0.007578,0.2628,0.4096,5.01,-1,,,2.7462,-0.5286,1756416.000,1756796.000
216,-50.00,-50.00,-600.00,-0.027876,-0.183215,0.826963,0.001443,0.001031,0.000975,0,3387.41,20,3.450,-6.890,-10.280,-57.88,-55.48,-598.86,0.038750,-0.005669,-1.001234,0.002402,0.002660,0.005470,0.2773,0.6035,5.01,-1,,,2.2163,0.3244,1767312.000,1767700.000
217,-25.00,-50.00,-600.00,-0.005479,-0.192556,0.839260,0.000790,0.001647,0.000226,0,3398.37,20,0.330,-4.850,-10.820,-28.94,-55.54,-599.35,0.032454,0.003213,-1.001347,0.004394,0.006729,0.009885,0.3626,0.7068,5.01,-1,,,1.8563,-0.1838,1778296.000,1778676.000
218,0.00,-50.00,-600.00,0.006060,-0.195108,0.843352,0.000000,0.000917,0.000734,0,3409.32,20,-2.430,-2.430,-11.000,-0.00,-55.56,-599.52,0.031216,0.007768,-1.002820,0.002175,0.003321,0.008637,0.2361,0.4207,5.00,-1,,,1.7829,-0.4438,1789236.000,1789616.000
219,25.00,-50.00,-600.00,0.024240,-0.208818,0.841306,0.000000,0.000645,0.000758,0,3420.26,20,-4.850,0.330,-10.820,28.94,-55.54,-599.35,0.028037,0.019149,-1.000871,0.003919,0.006578,0.004694,0.3612,0.5810,5.01,-1,,,1.6043,-1.0961,1800168.000,1800548.000
220,50.00,-50.00,-600.00,0.045399,-0.212100,0.834413,0.000226,0.000000,0.000853,0,3431.17,20,-6.890,3.450,-10.280,57.88,-55.48,-598.86,0.025568,0.023589,-1.001335,0.002085,0.003872,0.007319,0.2764,0.3985,5.01,-1,,,1.4623,-1.3495,1811088.000,1811468.000
221,50.00,-25.00,-600.00,0.049239,-0.195360,0.836635,0.000828,0.001672,0.001089,0,3442.04,20,-8.870,1.510,-7.970,58.15,-27.71,-599.18,0.019256,0.021991,-1.002519,0.002819,0.005639,0.005832,0.3125,0.6132,5.00,-1,,,1.1001,-1.2566,1821968.000,1822348.000
222,25.00,-25.00,-600.00,0.027700,-0.190890,0.842013,0.001027,0.000000,0.001173,0,3453.03,20,-6.820,-1.620,-8.510,29.08,-27.76,-599.71,0.030278,0.023404,-1.001794,0.002844,0.002782,0.005789,0.2646,0.4108,5.01,-1,,,1.7307,-1.3383,1832948.000,1833328.000
223,0.00,-25.00,-600.00,0.007551,-0.184830,0.844992,0.000919,0.000000,0.000609,0,3463.98,20,-4.400,-4.400,-8.690,0.00,-27.78,-599.88,0.033280,0.018277,-1.000805,0.005746,0.003249,0.006989,0.2763,0.4542,5.00,-1,,,1.9042,-1.0462,1843908.000,1844288.000
224,-25.00,-25.00,-600.00,-0.005959,-0.176246,0.841028,0.000311,0.000734,0.000961,0,3474.94,20,-1.620,-6.820,-8.510,-29.08,-27.76,-599.71,0.035250,0.008807,-1.001513,0.005321,0.004278,0.007399,0.3021,0.5912,5.00,-1,,,2.0157,-0.5039,1854840.000,1855228.000
225,-50.00,-25.00,-600.00,-0.021210,-0.171877,0.833706,0.000000,0.000959,0.000715,0,3485.86,20,1.510,-8.870,-7.970,-58.15,-27.71,-599.18,0.036741,0.004315,-1.001316,0.002424,0.002645,0.004272,0.2769,0.4164,5.00,-1,,,2.1014,-0.2469,1865776.000,1866156.000
226,-50.00,0.00,-600.00,-0.018055,-0.151677,0.829866,0.000711,0.000443,0.001918,0,3496.71,20,-0.090,-10.480,-5.290,-58.27,0.06,-599.27,0.027061,-0.009671,-1.002028,0.002918,0.006649,0.003011,0.2883,0.5438,5.00,-1,,,1.5469,0.5529,1876636.000,1877016.000
227,-25.00,0.00,-600.00,0.000000,-0.157409,0.839260,0.000000,0.000465,0.000226,0,3507.69,20,-3.230,-8.430,-5.830,-29.14,0.02,-599.82,0.018656,-0.001819,-1.001584,0.001524,0.003013,0.007265,0.1906,0.3950,5.00,-1,,,1.0671,0.1041,1887616.000,1887996.000
228,0.00,0.00,-600.00,0.017574,-0.163468,0.843401,0.000743,0.000678,0.001098,0,3518.67,20,-6.010,-6.010,-6.010,-0.00,0.00,-600.00,0.016436,0.005822,-1.001057,0.003950,0.005021,0.005960,0.2807,0.5089,5.00,-1,,,0.9406,-0.3332,1898576.000,1898956.000
229,25.00,0.00,-600.00,0.037068,-0.169806,0.836785,0.000858,0.000398,0.000613,0,3529.61,20,-8.430,-3.230,-5.830,29.14,0.02,-599.82,0.015946,0.014207,-0.999850,0.004181,0.002441,0.007490,0.2332,0.4046,5.00,-1,,,0.9136,-0.8141,1909536.000,1909916.000
230,50.00,0.00,-600.00,0.054540,-0.176043,0.832620,0.000000,0.000554,0.000747,0,3540.53,20,-10.480,-0.090,-5.290,58.27,0.06,-599.27,0.011001,0.021202,-1.000844,0.004759,0.005304,0.006373,0.2385,0.4580,5.00,-1,,,0.6296,-1.2136,1920456.000,1920836.000
231,50.00,25.00,-600.00,0.054742,-0.163569,0.823983,0.000622,0.000226,0.000887,0,3551.41,20,-11.710,-1.350,-2.250,58.23,27.79,-599.15,0.006177,0.022756,-1.002197,0.006361,0.003551,0.004503,0.3519,0.6441,5.00,-1,,,0.3530,-1.3007,1931284.000,1931692.000
232,25.00,25.00,-600.00,0.035578,-0.157434,0.825550,0.000644,0.000396,0.000850,0,3562.39,20,-9.670,-4.480,-2.790,29.13,27.77,-599.70,0.019895,0.018831,-1.003141,0.003220,0.004312,0.009987,0.2509,0.4355,5.00,-1,,,1.1360,-1.0754,1942288.000,1942668.000
233,0.00,25.00,-600.00,0.015302,-0.154278,0.830422,0.000370,0.000556,0.000528,0,3573.35,20,-7.260,-7.260,-2.970,0.00,27.76,-599.88,0.024942,0.013200,-1.002187,0.005046,0.002892,0.004232,0.2686,0.3801,5.00,-1,,,1.4256,-0.7546,1953268.000,1953648.000
234,-25.00,25.00,-600.00,0.002525,-0.147233,0.827392,0.000675,0.001105,0.000504,0,3584.30,20,-4.480,-9.670,-2.790,-29.13,27.77,-599.70,0.020624,0.004953,-1.002417,0.003890,0.004863,0.004948,0.2803,0.5584,5.00,-1,,,1.1786,-0.2831,1964208.000,1964588.000
235,-50.00,25.00,-600.00,-0.010252,-0.141503,0.817494,0.000985,0.000875,0.001106,0,3595.22,20,-1.350,-11.710,-2.250,-58.23,27.79,-599.15,0.023762,-0.000920,-1.000899,0.004993,0.006189,0.009683,0.3507,0.5537,5.00,-1,,,1.3600,0.0527,1975128.000,1975508.000
236,-50.00,50.00,-600.00,-0.002702,-0.127260,0.805375,0.000619,0.000000,0.000646,0,3606.05,20,-2.270,-12.570,1.140,-58.03,55.50,-598.81,0.014883,-0.008952,-1.001710,0.003681,0.002295,0.003257,0.2351,0.3660,5.00,-1,,,0.8512,0.5120,1985956.000,1986336.000
237,-25.00,50.00,-600.00,0.012524,-0.130290,0.815525,0.001894,0.000000,0.001289,0,3617.02,20,-5.390,-10.550,0.610,-29.03,55.49,-599.35,0.006764,-0.002709,-1.001835,0.003105,0.002755,0.003105,0.2490,0.3704,5.00,-1,,,0.3868,0.1550,1996936.000,1997316.000
238,0.00,50.00,-600.00,0.028989,-0.136174,0.818504,0.000825,0.000441,0.000891,0,3627.99,20,-8.150,-8.150,0.430,-0.00,55.49,-599.54,0.005026,0.005544,-1.001390,0.002255,0.005013,0.008489,0.2938,0.4914,5.00,-1,,,0.2876,-0.3172,2007900.000,2008284.000
239,25.00,50.00,-600.00,0.048531,-0.142713,0.817797,0.000226,0.000475,0.000933,0,3638.92,20,-10.550,-5.390,0.610,29.03,55.49,-599.35,0.001250,0.010615,-1.000254,0.005170,0.007426,0.008090,0.3330,0.5823,5.00,-1,,,0.0716,-0.6080,2018820.000,2019200.000
240,50.00,50.00,-600.00,0.063529,-0.151348,0.808783,0.000311,0.000678,0.000476,0,3649.82,20,-12.570,-2.270,1.140,58.03,55.50,-598.81,-0.001257,0.020213,-1.000860,0.008631,0.004381,0.009315,0.4279,0.6181,5.00,-1,,,-0.0719,-1.1569,2029740.000,2030120.000
241,50.00,75.00,-600.00,0.063378,-0.145087,0.795403,0.000623,0.000821,0.000685,0,3660.62,20,-13.050,-2.850,4.860,57.64,83.19,-598.27,-0.003603,0.019030,-1.002083,0.004077,0.004967,0.007036,0.3476,0.5462,5.00,-1,,,-0.2059,-1.0880,2040520.000,2040900.000
242,25.00,75.00,-600.00,0.038381,-0.138321,0.797396,0.000750,0.001134,0.000592,0,3671.56,20,-11.060,-5.950,4.340,28.84,83.19,-598.79,0.008433,0.016207,-1.002324,0.002199,0.005949,0.004726,0.2817,0.5050,5.00,-1,,,0.4820,-0.9264,2051480.000,2051860.000
243,0.00,75.00,-600.00,0.027220,-0.130492,0.799895,0.000632,0.000504,0.000416,0,3682.49,20,-8.690,-8.690,4.160,0.00,83.19,-598.97,0.008012,0.009116,-1.001439,0.002970,0.004586,0.005136,0.2947,0.4589,5.00,-1,,,0.4584,-0.5215,2062400.000,2062780.000
244,-25.00,75.00,-600.00,0.014241,-0.127260,0.797193,0.001822,0.000000,0.000475,0,3693.39,20,-5.950,-11.060,4.340,-28.84,83.19,-598.79,0.009166,0.002511,-1.000924,0.004129,0.004715,0.006103,0.3137,0.4579,5.00,-1,,,0.5246,-0.1438,2073300.000,2073680.000
245,-50.00,75.00,-600.00,0.000000,-0.127260,0.791967,0.000000,0.000000,0.000767,0,3704.28,20,-2.850,-13.050,4.860,-57.64,83.19,-598.27,0.015244,-0.002560,-1.001346,0.004257,0.005361,0.004635,0.3089,0.6165,5.00,-1,,,0.8722,0.1465,2084184.000,2084568.000
246,-50.00,100.00,-600.00,0.004471,-0.118675,0.776135,0.000916,0.000768,0.000996,0,3715.08,20,-3.090,-13.170,8.900,-57.06,110.86,-597.52,0.005213,-0.009220,-1.001391,0.003477,0.003286,0.005550,0.3080,0.4487,5.00,-1,,,0.2983,0.5275,2094984.000,2095376.000
247,-25.00,100.00,-600.00,0.021235,-0.122161,0.781614,0.000476,0.001036,0.000747,0,3726.02,20,-6.160,-11.200,8.380,-28.55,110.88,-598.01,-0.006098,-0.004049,-1.002756,0.005557,0.005250,0.004130,0.3609,0.6758,5.00,-1,,,-0.3485,0.2314,2105916.000,2106296.000
248,0.00,100.00,-600.00,0.037169,-0.124382,0.782852,0.000810,0.000468,0.002882,0,3736.95,20,-8.870,-8.870,8.210,-0.00,110.89,-598.17,-0.007212,0.005848,-0.999546,0.004964,0.006766,0.006407,0.3512,0.7689,5.00,-1,,,-0.4134,-0.3352,2116848.000,2117228.000
249,25.00,100.00,-600.00,0.051258,-0.130013,0.783356,0.000530,0.000577,0.002730,0,3747.84,20,-11.200,-6.160,8.380,28.55,110.88,-598.01,-0.010444,0.009208,-1.001106,0.003470,0.005538,0.006915,0.3713,0.6350,5.00,-1,,,-0.5977,-0.5270,2127748.000,2128128.000
250,50.00,100.00,-600.00,0.064187,-0.136477,0.773864,0.000732,0.000398,0.001029,0,3758.73,20,-13.170,-3.090,8.900,57.06,110.86,-597.52,-0.014651,0.016179,-1.002017,0.007514,0.003507,0.008059,0.3231,0.4639,5.01,-1,,,-0.8376,-0.9250,2138628.000,2139008.000
251,50.00,125.00,-600.00,0.060650,-0.137512,0.757626,0.000226,0.000971,0.000398,0,3769.53,20,-12.910,-2.980,13.230,56.27,138.55,-596.57,-0.016674,0.016353,-1.001209,0.003299,0.002879,0.002604,0.2188,0.3291,5.00,-1,,,-0.9540,-0.9358,2149428.000,2149808.000
252,25.00,125.00,-600.00,0.045046,-0.131428,0.763509,0.000829,0.000896,0.000226,0,3780.42,20,-10.990,-6.020,12.720,28.16,138.57,-597.01,-0.005531,0.014318,-1.000045,0.004377,0.006095,0.005903,0.3290,0.5349,5.01,-1,,,-0.3169,-0.8203,2160328.000,2160708.000
253,0.00,125.00,-600.00,0.033482,-0.127387,0.761441,0.000468,0.000398,0.000877,0,3791.32,20,-8.690,-8.690,12.540,-0.00,138.58,-597.15,-0.004978,0.007856,-1.000868,0.006603,0.007909,0.005053,0.4298,0.7411,5.01,-1,,,-0.2849,-0.4497,2171212.000,2171596.000
254,-25.00,125.00,-600.00,0.021893,-0.124230,0.759395,0.000825,0.000000,0.000833,0,3802.19,20,-6.020,-10.990,12.720,-28.16,138.57,-597.01,-0.003900,0.000970,-0.999650,0.004668,0.004633,0.006917,0.3264,0.5187,5.01,-1,,,-0.2235,-0.0556,2182084.000,2182464.000
255,-50.00,125.00,-600.00,0.011994,-0.121377,0.759067,0.000396,0.000443,0.001571,0,3813.06,20,-2.980,-12.910,13.230,-56.27,138.55,-596.57,-0.000658,-0.006234,-1.000992,0.002240,0.005592,0.007177,0.3534,0.5985,5.01,-1,,,-0.0377,0.3569,2192948.000,2193328.000
256,-50.00,150.00,-600.00,0.019090,-0.124003,0.740457,0.000950,0.000476,0.001235,0,3823.85,20,-2.550,-12.300,17.830,-55.27,166.27,-595.39,-0.008196,-0.009961,-1.001661,0.003819,0.004283,0.003804,0.2878,0.5691,5.01,-1,,,-0.4688,0.5698,2203748.000,2204128.000
257,-25.00,150.00,-600.00,0.030300,-0.123523,0.741744,0.000000,0.000721,0.002280,0,3834.72,20,-5.540,-10.420,17.320,-27.66,166.29,-595.77,-0.013449,-0.003016,-1.000683,0.004119,0.005542,0.004816,0.2965,0.5516,5.01,-1,,,-0.7700,0.1727,2214608.000,2214988.000
258,0.00,150.00,-600.00,0.039643,-0.127816,0.743663,0.000794,0.000674,0.001674,0,3845.56,20,-8.160,-8.160,17.150,0.00,166.30,-595.90,-0.018912,0.000885,-1.001646,0.004915,0.011868,0.004877,0.4632,0.8661,5.01,-1,,,-1.0816,-0.0507,2225468.000,2225848.000
259,25.00,150.00,-600.00,0.050956,-0.132261,0.747149,0.000710,0.000925,0.000810,0,3856.38,20,-10.420,-5.540,17.320,27.66,166.29,-595.77,-0.020881,0.008016,-1.001699,0.004282,0.006576,0.008249,0.3815,0.6500,5.01,-1,,,-1.1942,-0.4585,2236284.000,2236664.000
260,50.00,150.00,-600.00,0.060600,-0.136881,0.741594,0.000328,0.000705,0.001934,0,3867.20,20,-12.300,-2.550,17.830,55.27,166.27,-595.39,-0.023419,0.012765,-0.999549,0.002602,0.005685,0.004141,0.3473,0.5382,5.01,-1,,,-1.3420,-0.7317,2247088.000,2247476.000
