pass,x_mm,y_mm,probe_z_mm,cmd_D9_deg,cmd_D10_deg,cmd_D11_deg,meas_D9_deg,meas_D10_deg,meas_D11_deg,note
off-axis,0,0,-600,-6.01,-6.01,-6.01,-6.3,-6.3,-6.8,
off-axis,100,100,-600,-14.23,3.36,9.79,-12.6,3.5,8.5,
off-axis,-100,100,-600,3.36,-14.23,9.79,2.6,-12.5,8,
off-axis,-100,-100,-600,13.40,-4.17,-10.61,10.8,-3.4,-10.3,
off-axis,100,-100,-600,-4.17,13.40,-10.61,-4,11.6,-10.3,
off-axis,0,0,-740,38.86,38.86,38.86,38.9,38.4,38.3,
off-axis,100,100,-740,32.61,47.83,52.60,34.7,47.7,50.9,
off-axis,-100,100,-740,47.83,32.61,52.60,47.4,34.1,50.6,
off-axis,-100,-100,-740,55.12,41.73,36.03,53,41.8,36.6,
off-axis,100,-100,-740,41.73,55.12,36.03,42,52.9,36.6,
off-axis,0,0,-740,38.86,38.86,38.86,38.9,38.6,38.6,repeat of point 6
off-axis,-100,-100,-740,55.12,41.73,36.03,52.6,42.2,36.8,repeat of point 9
